Code,Occupation,SP,P,FD,O,AC,MD,CW,N,FA
19-3031,Counseling Psychologists,94,72,19,66,91,0,0,69,5
21-1014,Mental Health Counselors,94,66,28,60,94,0,3,56,15
19-3031,Clinical Psychologists,94,60,22,56,99,0,5,50,5
29-1066,Psychiatrists,88,63,35,56,99,0,6,56,5
21-1013,Marriage and Family Therapists,81,72,38,66,94,0,1,69,5
21-2011,Clergy,81,72,22,69,78,13,4,72,29
19-3039,Neuropsychologists and Clinical Neuropsychologists,81,53,35,53,89,22,9,47,3
21-1012,"Educational, Guidance, School, and Vocational Counselors",81,72,13,56,89,16,2,69,7
21-1023,Mental Health and Substance Abuse Social Workers,81,63,25,63,91,0,13,56,17
29-1125,Art Therapists,81,60,47,60,94,41,10,56,81
29-1069,Hospitalists,81,53,44,50,98,22,19,47,0
29-1141,Advanced Practice Psychiatric Nurses,81,63,35,60,98,6,12,66,13
11-1011,Chief Executives,81,78,31,72,30,0,11,78,11
11-9032,"Education Administrators, Elementary and Secondary School",81,60,19,69,78,3,6,66,30
29-1125,Music Therapists,81,56,56,69,95,44,27,50,93
21-1022,Healthcare Social Workers,78,53,28,50,92,3,26,53,2
21-1011,Substance Abuse and Behavioral Disorder Counselors,78,63,25,50,79,0,13,50,18
39-4031,"Morticians, Undertakers, and Funeral Directors",78,50,41,50,93,41,33,56,6
29-1199,Naturopathic Physicians,78,50,41,53,96,25,5,41,1
21-1021,"Child, Family, and School Social Workers",78,69,22,53,86,3,10,69,16
29-1069,Neurologists,78,63,44,60,95,13,6,44,0
29-1171,Nurse Practitioners,78,56,53,50,98,41,21,53,10
29-1161,Nurse Midwives,78,47,50,50,97,44,45,44,4
29-2053,Psychiatric Technicians,78,53,44,50,96,31,32,50,6
29-1141,Registered Nurses,78,50,50,47,96,50,20,47,3
21-1094,Community Health Workers,78,63,50,50,84,35,24,50,7
11-2031,Public Relations and Fundraising Managers,78,72,22,66,36,0,2,60,35
25-2052,"Special Education Teachers, Kindergarten and Elementary School",78,66,3,53,75,19,6,53,15
25-2012,"Kindergarten Teachers, Except Special Education",78,56,31,60,69,16,13,53,40
29-1125,Recreational Therapists,78,56,44,56,91,31,26,60,41
19-3031,School Psychologists,75,63,22,50,62,0,6,60,7
21-1015,Rehabilitation Counselors,75,56,41,50,82,0,13,60,4
29-1141,Acute Care Nurses,75,50,44,50,95,19,47,50,5
29-1069,Preventive Medicine Physicians,75,60,22,66,69,10,9,53,8
11-9151,Social and Community Service Managers,75,56,31,69,75,13,2,56,15
21-2021,"Directors, Religious Activities and Education",75,56,16,53,87,3,6,50,33
29-1069,Physical Medicine and Rehabilitation Physicians,75,56,44,60,99,38,21,41,11
21-1092,Probation Officers and Correctional Treatment Specialists,75,60,22,44,50,22,11,53,3
29-1141,Critical Care Nurses,75,56,63,47,94,47,41,50,6
29-1071,Physician Assistants,75,53,53,50,96,38,24,47,6
21-1093,Social and Human Service Assistants,75,56,31,47,68,22,23,44,5
19-3041,Sociologists,75,53,13,56,32,0,3,47,14
13-1041,Equal Opportunity Representatives and Officers,75,56,25,47,37,0,3,50,1
27-3031,Public Relations Specialists,75,66,28,63,40,3,7,60,27
13-1151,Training and Development Specialists,75,53,31,69,42,3,4,50,13
11-2011,Advertising and Promotions Managers,75,60,16,69,34,10,10,53,34
29-1141,Clinical Nurse Specialists,75,63,50,56,92,44,34,56,8
27-2022,Coaches and Scouts,75,72,25,72,57,35,10,66,16
33-1012,First-Line Supervisors of Police and Detectives,75,69,44,53,77,44,43,56,6
11-1021,General and Operations Managers,75,60,19,50,49,13,13,66,4
29-2061,Licensed Practical and Licensed Vocational Nurses,75,50,50,44,97,44,24,50,3
25-2022,"Middle School Teachers, Except Special and Career/Technical Education",75,53,19,53,70,3,2,53,38
29-1065,"Pediatricians, General",75,53,41,50,85,31,7,44,5
31-1013,Psychiatric Aides,75,53,41,47,98,38,42,53,7
11-3061,Purchasing Managers,75,69,13,69,41,0,4,69,5
39-9032,Recreation Workers,75,53,25,53,68,19,26,50,34
41-9031,Sales Engineers,75,81,44,63,36,25,8,69,0
33-3051,Sheriffs and Deputy Sheriffs,75,69,47,44,67,44,32,72,2
25-2054,"Special Education Teachers, Secondary School",75,56,25,60,71,0,4,50,25
33-1011,First-Line Supervisors of Correctional Officers,75,66,41,44,79,35,30,69,1
43-1011,First-Line Supervisors of Office and Administrative Support Workers,75,66,41,60,55,13,3,66,1
11-9081,Lodging Managers,75,69,38,60,68,25,5,72,9
39-9011,Nannies,75,63,38,53,94,41,18,53,24
43-4051,Patient Representatives,75,66,41,44,86,6,12,60,13
33-3021,Police Detectives,75,53,50,50,60,50,41,50,5
33-3012,Correctional Officers and Jailers,75,56,44,35,64,47,25,53,0
29-1122,Occupational Therapists,75,60,50,63,94,31,45,50,12
33-3021,Criminal Investigators and Special Agents,75,63,47,56,59,41,41,53,5
11-9131,Postmasters and Mail Superintendents,75,56,31,50,49,0,6,66,3
39-9041,Residential Advisors,75,60,25,47,94,25,10,66,19
13-1011,"Agents and Business Managers of Artists, Performers, and Athletes",75,78,31,56,48,19,0,75,54
39-6012,Concierges,75,44,31,50,69,25,11,41,29
29-9099,Midwives,72,47,44,41,96,35,53,38,8
29-1031,Dietitians and Nutritionists,72,60,31,66,83,3,8,56,1
25-2059,Adapted Physical Education Specialists,72,56,47,60,81,44,28,47,25
29-1062,Family and General Practitioners,72,50,38,50,86,35,8,50,3
29-1069,Ophthalmologists,72,63,69,53,94,50,30,41,6
29-1069,Sports Medicine Physicians,72,63,56,63,100,44,41,50,5
19-3032,Industrial-Organizational Psychologists,72,63,28,66,40,0,2,50,4
29-1063,"Internists, General",72,53,47,50,96,28,9,44,3
11-2022,Sales Managers,72,78,19,66,38,13,10,72,9
29-1127,Speech-Language Pathologists,72,50,38,56,79,6,20,50,4
25-2021,"Elementary School Teachers, Except Special Education",72,50,35,69,77,10,11,50,25
41-1012,First-Line Supervisors of Non-Retail Sales Workers,72,69,38,60,41,0,15,63,9
29-9092,Genetic Counselors,72,50,31,53,86,0,1,50,0
11-3121,Human Resources Managers,72,66,25,60,58,10,2,72,5
25-9031,Instructional Coordinators,72,56,22,69,57,6,2,53,20
11-2021,Marketing Managers,72,69,19,66,36,0,5,66,18
11-9111,Medical and Health Services Managers,72,66,22,53,48,16,9,63,2
29-1123,Physical Therapists,72,50,53,50,92,53,35,44,10
39-1021,Spa Managers,72,69,35,53,85,22,4,56,0
25-2053,"Special Education Teachers, Middle School",72,56,16,66,80,3,11,56,20
25-2051,"Special Education Teachers, Preschool",72,50,25,47,84,28,20,47,16
11-3131,Training and Development Managers,72,69,31,72,46,16,7,53,7
27-3021,Broadcast News Analysts,72,47,35,66,28,25,18,47,24
25-2023,"Career/Technical Education Teachers, Middle School",72,47,28,56,55,25,5,44,20
11-9031,"Education Administrators, Preschool and Childcare Center/Program",72,60,25,56,82,22,4,66,30
39-1011,Gaming Supervisors,72,53,13,47,29,10,18,56,2
21-1091,Health Educators,72,53,31,56,75,25,18,50,5
13-1075,Labor Relations Specialists,72,78,0,63,44,0,8,81,8
33-1021,Municipal Fire Fighting and Prevention Supervisors,72,53,50,56,94,60,60,53,5
29-1151,Nurse Anesthetists,72,47,53,56,99,50,50,44,5
43-5031,"Police, Fire, and Ambulance Dispatchers",72,53,44,47,64,35,10,50,3
27-2012,Program Directors,72,60,35,72,43,25,8,66,31
25-2031,"Secondary School Teachers, Except Special and Career/Technical Education",72,50,22,66,61,10,6,53,35
29-1021,"Dentists, General",72,69,81,53,91,72,59,53,11
27-1022,Fashion Designers,72,66,53,75,28,41,59,66,39
11-9039,Fitness and Wellness Coordinators,72,60,28,56,69,28,11,53,13
11-9071,Gaming Managers,72,66,31,44,45,22,12,60,5
13-1111,Management Analysts,72,53,19,56,37,0,9,50,5
13-1121,"Meeting, Convention, and Event Planners",72,63,35,66,53,31,13,60,29
29-1023,Orthodontists,72,53,75,50,86,63,25,50,6
29-1024,Prosthodontists,72,47,69,50,94,63,23,44,33
41-4011,"Sales Representatives, Wholesale and Manufacturing, Technical and Scientific Products",72,81,35,50,31,0,17,75,3
27-2012,Talent Directors,72,53,19,66,23,3,1,60,58
41-3011,Advertising Sales Agents,72,75,16,56,34,0,6,69,22
31-9092,Medical Assistants,72,47,50,44,93,31,17,44,4
33-3021,Immigration and Customs Inspectors,72,53,47,41,45,44,54,50,7
53-2031,Flight Attendants,72,47,47,41,90,50,82,41,7
29-1067,Surgeons,69,47,75,56,94,78,25,41,6
29-1069,Nuclear Medicine Physicians,69,53,53,50,74,47,15,47,3
25-1066,"Psychology Teachers, Postsecondary",69,41,16,53,68,0,3,38,13
29-1181,Audiologists,69,47,56,50,79,41,23,44,4
29-1069,Allergists and Immunologists,69,56,41,63,96,6,0,47,3
13-1041,Coroners,69,44,50,50,72,47,49,38,5
19-3091,Anthropologists,69,47,22,56,34,3,18,35,18
11-9033,"Education Administrators, Postsecondary",69,66,16,72,45,0,0,66,15
25-9021,Farm and Home Management Advisors,69,53,19,69,47,22,17,50,7
11-3031,"Financial Managers, Branch or Department",69,66,25,50,33,10,6,53,5
13-1131,Fundraisers,69,75,35,60,48,3,5,63,10
23-1011,Lawyers,69,75,31,66,40,10,8,75,6
29-1122,"Low Vision Therapists, Orientation and Mobility Specialists, and Vision Rehabilitation Therapists",69,53,47,56,70,19,15,50,6
25-1072,"Nursing Instructors and Teachers, Postsecondary",69,53,47,50,91,28,23,50,10
29-1064,Obstetricians and Gynecologists,69,50,47,50,96,50,22,50,14
33-3051,Police Patrol Officers,69,60,47,50,83,50,43,60,4
29-1011,Chiropractors,69,50,50,47,93,47,1,41,4
11-9161,Emergency Management Directors,69,69,16,69,55,16,15,66,5
19-1041,Epidemiologists,69,53,31,66,21,3,3,47,1
29-9011,Occupational Health and Safety Specialists,69,53,41,53,55,25,32,50,6
29-1022,Oral and Maxillofacial Surgeons,69,44,78,56,95,72,32,41,11
29-1199,Orthoptists,69,50,47,50,90,44,17,35,3
19-3094,Political Scientists,69,50,16,56,27,0,3,47,4
29-1069,Radiologists,69,50,50,53,91,35,30,44,8
11-9199,Supply Chain Managers,69,66,22,56,31,0,8,69,3
11-9199,Wind Energy Operations Managers,69,66,25,47,39,25,46,60,0
27-2011,Actors,69,38,25,69,35,25,22,38,92
29-1061,Anesthesiologists,69,50,56,47,92,50,48,47,2
29-9091,Athletic Trainers,69,53,53,56,93,50,25,38,3
25-2032,"Career/Technical Education Teachers, Secondary School",69,53,44,56,65,44,22,50,25
27-2032,Choreographers,69,50,25,75,41,28,17,50,92
11-9039,Distance Learning Coordinators,69,63,31,56,42,19,6,56,13
29-2041,Emergency Medical Technicians and Paramedics,69,44,60,50,93,60,60,44,9
39-1021,First-Line Supervisors of Personal Service Workers,69,63,35,50,62,31,3,53,11
41-9022,Real Estate Sales Agents,69,66,19,47,57,13,11,72,13
11-1011,Chief Sustainability Officers,69,66,31,66,31,0,10,47,10
11-9061,Funeral Service Managers,69,60,41,44,92,28,5,60,4
25-2011,"Preschool Teachers, Except Special Education",69,50,28,69,81,28,4,47,30
43-4061,"Eligibility Interviewers, Government Programs",69,50,31,44,59,25,13,50,5
41-3031,"Sales Agents, Financial Services",69,78,31,47,37,19,2,53,4
53-1031,First-Line Supervisors of Transportation and Material-Moving Machine and Vehicle Operators,69,53,41,50,60,31,27,60,1
27-1025,Interior Designers,69,63,16,78,36,3,7,60,67
19-1031,Park Naturalists,69,50,38,56,51,38,25,47,28
41-4012,"Sales Representatives, Wholesale and Manufacturing, Except Technical and Scientific Products",69,72,31,50,27,25,12,66,2
43-4081,"Hotel, Motel, and Resort Desk Clerks",69,47,38,47,55,28,4,47,6
53-5021,Ship and Boat Captains,69,53,50,53,60,60,41,47,2
29-2032,Diagnostic Medical Sonographers,69,50,50,50,82,50,46,38,2
41-9091,"Door-To-Door Sales Workers, News and Street Vendors, and Related Workers",69,75,16,47,39,6,12,56,2
53-6061,"Transportation Attendants, Except Flight Attendants",69,50,28,31,70,35,21,47,3
41-3041,Travel Agents,69,66,31,50,35,19,0,53,1
29-1128,Exercise Physiologists,66,53,38,56,83,28,18,44,12
29-1081,Podiatrists,66,50,56,53,97,50,31,47,8
27-3022,Reporters and Correspondents,66,53,31,69,19,22,21,50,26
25-1113,"Social Work Teachers, Postsecondary",66,50,25,50,46,0,6,47,4
23-1021,"Administrative Law Judges, Adjudicators, and Hearing Officers",66,47,31,44,37,13,4,53,4
29-2091,Orthotists and Prosthetists,66,47,56,56,87,53,36,41,6
25-1067,"Sociology Teachers, Postsecondary",66,44,16,50,35,0,0,41,18
29-1199,Acupuncturists,66,41,60,44,83,44,13,38,5
23-1022,"Arbitrators, Mediators, and Conciliators",66,78,22,50,44,0,1,91,3
25-1121,"Art, Drama, and Music Teachers, Postsecondary",66,44,28,69,60,28,10,38,98
35-1011,Chefs and Head Cooks,66,53,50,53,46,53,41,56,17
11-3021,Computer and Information Systems Managers,66,53,28,56,35,28,14,50,11
25-1021,"Computer Science Teachers, Postsecondary",66,50,31,53,46,10,3,50,17
13-2061,Financial Examiners,66,50,31,56,25,0,10,56,0
45-1011,First-Line Supervisors of Animal Husbandry and Animal Care Workers,66,50,47,47,21,50,25,50,2
11-9051,Food Service Managers,66,53,50,44,50,50,29,53,9
11-9199,Loss Prevention Managers,66,69,28,60,53,28,14,63,2
27-2041,Music Directors,66,53,25,69,44,25,6,53,96
31-2011,Occupational Therapy Assistants,66,50,50,50,94,47,46,47,8
31-2021,Physical Therapist Assistants,66,47,50,47,87,50,34,31,7
29-1126,Respiratory Therapists,66,47,53,47,88,53,56,47,2
11-9199,Security Managers,66,53,31,56,55,25,20,53,4
25-1031,"Architecture Teachers, Postsecondary",66,50,22,56,41,0,3,50,60
17-2112,Human Factors Engineers and Ergonomists,66,44,31,60,36,3,18,44,6
13-1041,Licensing Examiners and Inspectors,66,50,35,47,42,35,45,50,4
13-1081,Logisticians,66,56,25,63,26,0,14,56,4
17-2111,Industrial Safety and Health Engineers,66,56,28,63,53,22,41,50,5
13-2071,Loan Counselors,66,50,28,44,24,13,2,50,2
25-3099,Tutors,66,50,35,50,51,19,7,50,10
33-3011,Bailiffs,66,44,25,16,55,22,14,44,1
29-2031,Cardiovascular Technologists and Technicians,66,44,53,38,89,53,43,41,3
31-1014,Nursing Assistants,66,35,47,31,94,41,42,35,11
39-9021,Personal Care Aides,66,31,47,28,93,31,14,25,6
43-4181,Reservation and Transportation Ticket Agents and Travel Clerks,66,56,47,44,67,28,6,47,20
23-1023,"Judges, Magistrate Judges, and Magistrates",63,53,25,47,39,0,10,60,5
29-1069,Dermatologists,63,56,56,47,91,41,1,44,8
19-1029,Geneticists,63,53,38,72,53,35,5,47,6
11-9121,Clinical Research Coordinators,63,56,38,53,71,0,9,56,0
29-1069,Urologists,63,47,60,50,92,53,23,47,7
25-3011,Adult Basic and Secondary Education and Literacy Teachers and Instructors,63,47,19,56,49,0,8,50,14
11-9041,Architectural and Engineering Managers,63,60,31,66,25,22,7,60,14
45-1011,First-Line Supervisors of Aquacultural Workers,63,53,50,47,32,50,38,50,6
51-1011,First-Line Supervisors of Production and Operating Workers,63,56,47,53,58,38,13,53,0
41-1011,First-Line Supervisors of Retail Sales Workers,63,56,38,50,53,35,21,56,7
29-1041,Optometrists,63,53,63,50,88,53,20,44,1
29-1051,Pharmacists,63,50,50,47,79,41,12,50,0
27-2012,Producers,63,53,38,60,19,19,17,56,44
11-3051,Quality Control Systems Managers,63,56,50,50,22,44,19,53,0
27-3011,Radio and Television Announcers,63,47,31,66,28,31,2,47,48
31-9099,Speech-Language Pathology Assistants,63,44,38,41,78,31,5,41,7
11-3111,Compensation and Benefits Managers,63,56,22,53,45,10,0,53,0
11-9199,Compliance Managers,63,66,19,47,60,16,23,53,2
11-3051,Geothermal Production Managers,63,50,47,47,54,31,16,50,4
17-1012,Landscape Architects,63,60,38,72,33,25,4,53,48
17-2171,Petroleum Engineers,63,47,41,56,18,6,11,53,1
11-9199,Wind Energy Project Managers,63,56,16,47,24,10,4,60,5
11-9013,Aquacultural Managers,63,53,47,53,36,50,33,53,5
45-1011,First-Line Supervisors of Agricultural Crop and Horticultural Workers,63,53,50,35,42,47,23,50,3
25-9031,Instructional Designers and Technologists,63,53,35,72,23,16,1,50,20
33-9021,Private Detectives and Investigators,63,47,31,50,23,25,16,47,8
13-1023,"Purchasing Agents, Except Wholesale, Retail, and Farm Products",63,69,19,50,37,10,2,75,6
29-2054,Respiratory Therapy Technicians,63,47,53,44,94,50,46,38,8
11-9013,Nursery and Greenhouse Managers,63,60,50,56,52,47,28,63,3
31-2012,Occupational Therapy Aides,63,50,50,41,89,44,18,38,3
29-2099,Ophthalmic Medical Technologists,63,38,63,35,90,47,29,31,1
13-2052,Personal Financial Advisors,63,63,35,47,53,0,0,44,5
11-9141,"Property, Real Estate, and Community Association Managers",63,63,22,50,37,3,13,66,1
29-2034,Radiologic Technologists,63,41,53,44,97,50,38,31,4
41-4011,Solar Sales Representatives and Assessors,63,63,35,53,28,10,30,60,5
39-7012,Travel Guides,63,63,31,47,44,28,6,53,32
39-4021,Funeral Attendants,63,25,22,28,86,25,17,25,7
31-1011,Home Health Aides,63,53,47,44,94,47,22,47,11
31-9097,Phlebotomists,63,38,56,35,89,50,44,25,14
13-2021,Assessors,63,50,35,44,41,25,20,50,3
41-2031,Retail Salespersons,63,72,35,47,51,25,11,63,18
51-9082,Medical Appliance Technicians,63,47,66,50,58,63,27,44,17
41-2022,Parts Salespersons,63,66,44,47,44,44,8,50,1
43-3061,Procurement Clerks,63,47,6,35,37,10,6,47,2
43-4041,Credit Authorizers,63,47,41,28,47,19,2,53,0
43-2011,"Switchboard Operators, Including Answering Service",63,31,44,22,62,31,3,25,0
41-9041,Telemarketers,63,78,25,28,26,13,6,44,3
35-3031,Waiters and Waitresses,63,47,41,28,62,47,18,41,7
11-9021,Construction Managers,60,53,31,50,31,3,21,66,4
13-1071,Human Resources Specialists,60,47,22,44,64,13,4,50,1
15-1199,Information Technology Project Managers,60,53,19,56,54,0,17,60,6
11-9121,Natural Sciences Managers,60,50,28,60,39,0,11,47,2
11-3071,Transportation Managers,60,63,25,56,47,16,9,63,1
25-1061,"Anthropology and Archeology Teachers, Postsecondary",60,50,22,56,45,13,6,50,28
11-3051,Biofuels Production Managers,60,53,31,53,34,35,40,50,1
49-1011,"First-Line Supervisors of Mechanics, Installers, and Repairers",60,53,50,47,50,50,40,50,3
19-1031,Soil and Water Conservationists,60,50,41,53,33,31,18,53,3
13-2071,Credit Counselors,60,63,31,47,56,0,0,60,2
35-1012,First-Line Supervisors of Food Preparation and Serving Workers,60,56,47,44,56,38,33,50,3
37-1012,"First-Line Supervisors of Landscaping, Lawn Service, and Groundskeeping Workers",60,50,47,50,52,47,30,50,4
29-2033,Nuclear Medicine Technologists,60,44,47,44,90,47,28,35,1
29-1124,Radiation Therapists,60,41,50,31,90,50,43,41,2
41-3031,"Sales Agents, Securities and Commodities",60,75,19,50,25,6,0,53,9
27-2012,Technical Directors/Managers,60,60,47,60,35,31,11,47,13
19-3051,Urban and Regional Planners,60,56,28,60,32,0,4,56,25
25-1062,"Area, Ethnic, and Cultural Studies Teachers, Postsecondary",60,53,16,53,39,0,3,41,36
13-1199,Business Continuity Planners,60,53,19,72,29,0,0,53,2
15-1199,Business Intelligence Analysts,60,53,31,53,17,0,0,47,2
13-1041,Environmental Compliance Inspectors,60,47,44,44,23,28,31,47,4
17-2081,Environmental Engineers,60,60,28,63,35,0,21,56,8
47-1011,First-Line Supervisors of Construction Trades and Extraction Workers,60,56,47,50,44,50,34,50,7
37-1011,First-Line Supervisors of Housekeeping and Janitorial Workers,60,50,35,41,49,44,21,50,8
33-3031,Fish and Game Wardens,60,60,41,47,61,41,37,47,4
33-1021,Forest Fire Fighting and Prevention Supervisors,60,50,47,50,75,53,45,44,3
25-1043,"Forestry and Conservation Science Teachers, Postsecondary",60,50,25,50,37,0,9,41,8
15-1121,Informatics Nurse Specialists,60,53,35,72,51,25,17,53,4
11-3071,Logistics Managers,60,63,25,53,38,16,10,69,3
31-2022,Physical Therapist Aides,60,50,50,31,88,47,32,31,11
53-2011,"Airline Pilots, Copilots, and Flight Engineers",60,44,53,47,35,66,57,47,12
13-1031,"Claims Examiners, Property and Casualty Insurance",60,53,41,47,40,19,7,66,1
39-9031,Fitness Trainers and Aerobics Instructors,60,47,38,50,65,50,10,22,12
19-1032,Foresters,60,50,44,63,40,28,16,56,5
13-2099,"Fraud Examiners, Investigators and Analysts",60,56,16,53,23,0,12,56,4
19-3093,Historians,60,44,13,50,29,22,24,31,46
43-4161,"Human Resources Assistants, Except Payroll and Timekeeping",60,47,19,38,57,0,7,41,0
25-1126,"Philosophy and Religion Teachers, Postsecondary",60,47,16,47,55,0,0,35,23
53-2021,Air Traffic Controllers,60,47,47,60,30,35,7,41,4
13-1041,Government Property Inspectors and Investigators,60,50,44,47,28,35,20,50,7
31-9011,Massage Therapists,60,28,50,47,77,66,8,22,4
13-1041,Regulatory Affairs Specialists,60,50,31,47,21,0,4,53,0
33-3052,Transit and Railroad Police,60,50,38,50,77,50,40,53,6
27-1011,Art Directors,60,60,44,78,31,35,22,50,71
11-9199,Brownfield Redevelopment Specialists and Site Managers,60,60,28,60,29,0,17,66,2
43-4131,Loan Interviewers and Clerks,60,50,41,41,34,10,3,47,0
41-9021,Real Estate Brokers,60,63,6,38,38,3,4,66,5
33-9099,Retail Loss Prevention Specialists,60,44,38,38,57,28,9,44,2
43-3011,Bill and Account Collectors,60,60,28,38,33,10,0,50,0
27-1023,Floral Designers,60,47,53,66,32,53,16,35,27
39-3031,"Ushers, Lobby Attendants, and Ticket Takers",60,47,38,31,53,38,6,47,17
43-4141,New Accounts Clerks,60,50,47,38,35,25,1,44,0
29-2057,Ophthalmic Medical Technicians,60,38,60,28,85,41,14,35,0
37-2021,Pest Control Workers,60,53,47,44,38,50,63,53,2
39-7011,Tour Guides and Escorts,60,41,19,35,45,13,24,22,26
43-4151,Order Clerks,60,56,47,38,40,25,2,50,1
31-1015,Orderlies,60,31,47,25,83,50,58,35,0
25-1125,"History Teachers, Postsecondary",56,50,0,50,41,0,1,50,38
11-9199,Regulatory Affairs Managers,56,53,16,50,22,0,3,53,1
29-1131,Veterinarians,56,47,56,53,79,50,47,47,5
11-3011,Administrative Services Managers,56,50,38,50,56,25,13,66,3
11-3051,Industrial Production Managers,56,56,41,56,54,22,13,53,1
25-1122,"Communications Teachers, Postsecondary",56,50,13,50,53,3,4,50,52
25-1081,"Education Teachers, Postsecondary",56,47,22,53,46,19,10,47,14
53-1021,"First-Line Supervisors of Helpers, Laborers, and Material Movers, Hand",56,56,44,47,33,47,44,56,3
25-1124,"Foreign Language and Literature Teachers, Postsecondary",56,44,13,47,45,0,1,44,43
25-1071,"Health Specialties Teachers, Postsecondary",56,50,28,50,61,16,7,50,17
11-3051,Hydroelectric Production Managers,56,60,35,53,47,31,35,56,1
25-1082,"Library Science Teachers, Postsecondary",56,44,19,47,31,0,1,41,13
11-3031,Treasurers and Controllers,56,50,41,53,26,0,2,50,5
19-1029,Bioinformatics Scientists,56,47,41,69,29,19,6,44,13
17-2199,Energy Engineers,56,50,25,56,26,0,22,47,2
13-1081,Logistics Engineers,56,53,53,60,29,25,17,47,5
29-1069,Pathologists,56,44,53,47,60,35,8,41,3
41-3031,Securities and Commodities Traders,56,56,22,41,23,22,0,63,0
13-1199,Security Management Specialists,56,50,35,53,35,3,17,47,3
47-1011,Solar Energy Installation Managers,56,60,50,50,49,47,44,60,7
13-1022,"Wholesale and Retail Buyers, Except Farm Products",56,69,25,50,39,25,15,75,1
25-1042,"Biological Science Teachers, Postsecondary",56,47,19,53,39,19,6,47,10
25-1011,"Business Teachers, Postsecondary",56,47,19,50,39,0,0,44,4
25-1052,"Chemistry Teachers, Postsecondary",56,50,22,50,39,10,7,35,9
25-4012,Curators,56,50,28,63,35,25,13,50,69
19-1012,Food Scientists and Technologists,56,53,38,63,22,28,17,53,6
19-1042,"Medical Scientists, Except Epidemiologists",56,50,41,50,51,25,17,44,1
29-2099,Radiologic Technicians,56,41,60,44,90,53,22,35,4
13-1199,Sustainability Specialists,56,56,28,63,21,0,14,50,8
17-2021,Agricultural Engineers,56,50,38,60,33,16,23,50,4
53-1011,Aircraft Cargo Handling Supervisors,56,44,44,47,51,50,42,38,7
19-2021,Atmospheric and Space Scientists,56,50,25,50,24,16,9,50,3
39-9011,Childcare Workers,56,47,41,47,80,28,19,44,17
19-2041,Environmental Restoration Planners,56,50,44,60,25,31,9,47,5
33-2021,Fire Investigators,56,50,50,53,79,47,56,47,1
29-2092,Hearing Aid Specialists,56,53,56,44,82,53,0,47,6
19-1031,Range Managers,56,56,38,56,33,31,20,63,1
27-1027,Set and Exhibit Designers,56,50,50,78,27,50,32,47,90
25-9041,Teacher Assistants,56,44,25,44,63,22,3,41,19
15-1143,Telecommunications Engineering Specialists,56,50,47,60,31,38,38,47,1
19-3099,Transportation Planners,56,53,25,69,24,0,1,50,5
25-1194,"Vocational Education Teachers, Postsecondary",56,50,47,50,60,38,14,50,14
49-3091,Bicycle Repairers,56,47,72,44,79,69,28,47,5
19-1020,Biologists,56,44,44,56,31,25,21,41,1
43-4021,Correspondence Clerks,56,47,41,50,43,6,4,47,3
19-4091,"Environmental Science and Protection Technicians, Including Health",56,50,47,50,27,44,38,44,2
43-6011,Executive Secretaries and Executive Administrative Assistants,56,47,41,50,62,22,4,50,5
29-2081,"Opticians, Dispensing",56,53,63,41,59,53,6,47,3
53-1021,Recycling Coordinators,56,53,41,41,49,31,16,41,3
19-1023,Zoologists and Wildlife Biologists,56,50,41,53,33,25,20,50,2
35-3011,Bartenders,56,53,50,47,61,53,27,47,10
19-4061,City and Regional Planning Aides,56,41,31,53,14,0,0,47,14
13-2072,Loan Officers,56,47,31,28,44,16,0,47,2
29-2099,Neurodiagnostic Technologists,56,31,60,41,91,44,61,35,0
33-9093,Transportation Security Screeners,56,50,50,38,46,50,39,41,0
35-9031,"Hosts and Hostesses, Restaurant, Lounge, and Coffee Shop",56,44,38,22,47,31,21,47,6
31-9095,Pharmacy Aides,56,31,50,22,77,35,11,22,0
43-2021,Telephone Operators,56,35,47,31,54,22,3,31,1
53-3031,Driver/Sales Workers,56,53,47,38,37,47,19,41,1
39-3091,Amusement and Recreation Attendants,56,41,28,22,64,41,34,28,11
39-4011,Embalmers,53,35,56,31,81,60,20,31,16
25-1193,"Recreation and Fitness Studies Teachers, Postsecondary",53,53,10,50,56,3,13,50,24
11-3051,Biomass Power Plant Managers,53,56,41,41,43,35,29,50,0
17-2051,Civil Engineers,53,53,41,60,31,3,24,50,7
13-1141,"Compensation, Benefits, and Job Analysis Specialists",53,53,22,50,29,10,4,50,11
25-1111,"Criminal Justice and Law Enforcement Teachers, Postsecondary",53,47,16,50,48,0,15,44,10
25-1123,"English Language and Literature Teachers, Postsecondary",53,50,6,56,56,0,0,50,50
29-1071,Anesthesiologist Assistants,53,38,53,41,78,56,40,35,4
25-1051,"Atmospheric, Earth, Marine, and Space Sciences Teachers, Postsecondary",53,47,19,50,51,0,9,47,11
11-3071,Storage and Distribution Managers,53,56,28,53,44,28,19,53,10
17-1011,"Architects, Except Landscape and Naval",53,56,47,75,33,25,11,53,54
17-2031,Biomedical Engineers,53,53,38,72,29,25,12,53,7
19-2041,Climate Change Analysts,53,56,22,50,22,0,3,53,2
15-2041,Clinical Data Managers,53,44,22,50,26,10,5,38,0
27-3041,Editors,53,50,38,63,22,25,4,50,15
19-2041,"Environmental Scientists and Specialists, Including Health",53,50,38,53,24,19,9,44,9
27-3091,Interpreters and Translators,53,47,41,50,59,13,16,31,27
23-1012,Judicial Law Clerks,53,47,31,41,22,0,1,38,1
25-4021,Librarians,53,47,41,50,46,25,16,44,17
25-1065,"Political Science Teachers, Postsecondary",53,53,6,50,32,0,4,47,10
25-1041,"Agricultural Sciences Teachers, Postsecondary",53,44,28,53,60,25,9,38,16
19-4092,Forensic Science Technicians,53,47,53,50,34,50,35,35,0
13-1161,Market Research Analysts and Marketing Specialists,53,53,22,60,16,3,6,41,7
27-3043,"Poets, Lyricists and Creative Writers",53,47,47,81,6,22,5,38,46
15-1199,Search Marketing Strategists,53,53,35,60,15,16,0,47,3
29-2099,Surgical Assistants,53,44,75,47,99,63,52,44,2
15-1199,Video Game Designers,53,53,50,75,23,31,5,47,49
19-3091,Archeologists,53,50,50,69,27,44,43,44,24
19-2011,Astronomers,53,47,25,66,15,0,10,41,2
13-2011,Auditors,53,56,16,50,36,0,7,53,3
27-1021,Commercial and Industrial Designers,53,53,44,72,20,28,15,47,22
27-2012,"Directors- Stage, Motion Pictures, Television, and Radio",53,53,38,75,40,31,3,53,69
25-1064,"Geography Teachers, Postsecondary",53,50,13,50,47,0,7,47,14
25-1192,"Home Economics Teachers, Postsecondary",53,44,19,53,49,3,18,35,18
19-2041,Industrial Ecologists,53,47,3,53,25,0,4,47,2
19-1029,Molecular and Cellular Biologists,53,44,50,66,26,35,6,38,6
27-2042,"Musicians, Instrumental",53,47,63,60,40,69,37,41,91
17-2199,Nanosystems Engineers,53,44,44,63,28,31,15,44,5
19-2012,Physicists,53,53,47,78,28,6,18,41,1
33-3021,Police Identification and Records Officers,53,44,47,44,43,44,42,44,3
25-3021,Self-Enrichment Education Teachers,53,41,25,50,50,22,6,28,29
53-3011,"Ambulance Drivers and Attendants, Except Emergency Medical Technicians",53,44,47,28,85,50,60,44,6
51-8099,Biofuels Processing Technicians,53,47,56,38,47,60,53,47,1
13-1021,"Buyers and Purchasing Agents, Farm Products",53,60,28,50,32,19,6,60,5
27-4031,"Camera Operators, Television, Video, and Motion Picture",53,47,53,53,66,53,35,38,27
27-3043,Copy Writers,53,53,28,66,28,0,1,47,19
15-1199,Database Architects,53,44,22,50,19,19,3,41,0
17-2071,Electrical Engineers,53,50,38,56,40,25,12,50,1
31-9099,Endoscopy Technicians,53,38,60,28,90,60,25,35,1
41-3099,Energy Brokers,53,56,38,50,23,19,3,56,0
19-4093,Forest and Conservation Technicians,53,47,50,50,51,53,30,31,3
43-5011,Freight Forwarders,53,50,25,47,39,0,7,53,1
25-1191,Graduate Teaching Assistants,53,35,16,53,58,16,15,35,29
39-5012,"Hairdressers, Hairstylists, and Cosmetologists",53,47,72,69,73,72,2,44,5
43-4111,"Interviewers, Except Eligibility and Loan",53,47,31,31,21,22,19,44,5
25-1112,"Law Teachers, Postsecondary",53,50,19,53,43,0,1,47,12
33-9092,"Lifeguards, Ski Patrol, and Other Recreational Protective Service Workers",53,41,31,22,90,31,12,28,1
17-2121,Marine Architects,53,47,31,63,33,22,43,47,2
33-2011,Municipal Firefighters,53,50,53,50,89,69,63,47,4
27-4021,Photographers,53,47,53,66,29,53,26,38,67
25-1054,"Physics Teachers, Postsecondary",53,50,31,50,54,28,8,38,3
39-1012,Slot Supervisors,53,47,38,31,50,38,9,47,1
27-2021,Athletes and Sports Competitors,53,50,44,47,42,53,16,47,10
15-1143,Computer Network Architects,53,53,35,50,26,28,23,50,0
15-1131,Computer Programmers,53,41,31,50,29,25,1,28,14
13-1051,Cost Estimators,53,50,19,47,20,6,15,53,4
43-4041,Credit Checkers,53,38,25,25,34,0,27,44,0
29-2021,Dental Hygienists,53,50,66,38,89,53,63,35,2
13-1031,"Insurance Adjusters, Examiners, and Investigators",53,47,31,41,51,19,7,69,4
41-3021,Insurance Sales Agents,53,66,19,44,26,0,19,56,1
43-6013,Medical Secretaries,53,31,47,25,65,25,10,28,4
49-9021,Refrigeration Mechanics and Installers,53,44,66,31,45,63,72,44,0
13-2081,"Tax Examiners and Collectors, and Revenue Agents",53,50,47,38,39,25,15,47,5
43-3071,Tellers,53,44,44,31,58,28,14,38,3
17-2199,Validation Engineers,53,47,25,50,20,6,21,44,0
17-2199,Wind Energy Engineers,53,50,38,53,27,6,11,44,2
33-9011,Animal Control Workers,53,47,38,41,63,50,48,41,1
39-5011,Barbers,53,31,60,38,62,60,14,25,7
41-2021,Counter and Rental Clerks,53,47,35,31,55,25,13,47,8
43-4031,Court Clerks,53,44,31,25,35,25,18,47,0
27-1012,Craft Artists,53,50,72,72,17,69,25,28,72
33-9031,Gaming Surveillance Officers and Gaming Investigators,53,38,28,28,46,25,19,35,1
27-1024,Graphic Designers,53,47,44,75,19,31,3,47,73
17-2112,Industrial Engineers,53,47,41,53,34,6,20,44,1
53-5022,Motorboat Operators,53,35,56,38,38,69,44,38,0
33-3041,Parking Enforcement Workers,53,44,44,25,74,38,22,44,20
43-4171,Receptionists and Information Clerks,53,38,44,38,71,22,7,35,1
15-1133,"Software Developers, Systems Software",53,44,38,53,21,19,6,38,6
43-3041,Gaming Cage Workers,53,38,38,25,47,25,16,38,3
39-3011,Gaming Dealers,53,41,53,28,39,50,10,35,5
51-8099,Hydroelectric Plant Technicians,53,38,56,44,52,60,70,35,5
13-1199,Online Merchants,53,60,35,44,34,10,6,53,20
47-4091,Segmental Pavers,53,50,53,41,52,60,21,41,4
35-3022,Baristas,53,44,53,38,44,50,42,38,18
39-3093,"Locker Room, Coatroom, and Dressing Room Attendants",53,31,25,19,43,25,6,38,6
29-2052,Pharmacy Technicians,53,38,53,31,72,53,18,25,4
53-4041,Subway and Streetcar Operators,53,41,53,25,51,69,31,41,3
27-2023,"Umpires, Referees, and Other Sports Officials",53,41,25,35,33,13,15,50,4
53-7041,Hoist and Winch Operators,53,44,53,38,48,60,80,41,2
47-2022,Stonemasons,53,47,60,44,31,63,39,47,1
47-5042,Mine Cutting and Channeling Machine Operators,53,38,50,35,51,60,81,38,0
25-1053,"Environmental Science Teachers, Postsecondary",50,47,16,53,49,0,12,44,15
19-1021,Biochemists and Biophysicists,50,44,47,72,23,35,15,38,0
25-1063,"Economics Teachers, Postsecondary",50,41,19,50,33,0,1,35,2
25-1032,"Engineering Teachers, Postsecondary",50,47,16,56,37,0,6,47,10
17-2199,Manufacturing Engineers,50,53,38,66,34,35,25,50,0
17-2199,Robotics Engineers,50,50,63,72,35,50,25,47,3
11-9121,Water Resource Specialists,50,50,35,53,37,0,16,47,3
19-1011,Animal Scientists,50,47,25,53,32,3,25,44,1
19-3011,Environmental Economists,50,50,22,60,13,0,0,41,3
33-3021,Intelligence Analysts,50,44,35,53,29,16,9,38,10
11-9199,Investment Fund Managers,50,53,31,60,21,0,3,50,3
17-2199,Microsystems Engineers,50,47,41,63,31,38,24,50,3
17-2161,Nuclear Engineers,50,50,22,56,20,16,20,47,0
29-2056,Veterinary Technologists and Technicians,50,47,56,44,87,53,47,38,0
17-2081,Water/Wastewater Engineers,50,56,35,63,29,0,18,47,3
41-9011,Demonstrators and Product Promoters,50,63,35,47,42,25,22,35,3
15-1199,Document Management Specialists,50,47,41,50,23,28,22,44,2
11-9013,Farm and Ranch Managers,50,56,41,44,40,44,33,53,1
45-1011,First-Line Supervisors of Logging Workers,50,50,50,50,39,50,39,47,1
25-1022,"Mathematical Science Teachers, Postsecondary",50,41,16,53,48,0,4,38,4
29-2011,Medical and Clinical Laboratory Technologists,50,47,53,44,66,50,31,38,2
19-1022,Microbiologists,50,47,50,56,32,44,6,47,1
19-3022,Survey Researchers,50,50,22,50,17,13,1,41,4
17-2011,Aerospace Engineers,50,53,31,60,20,0,10,50,4
17-2041,Chemical Engineers,50,50,25,69,26,3,20,50,1
15-1111,Computer and Information Research Scientists,50,44,41,66,30,25,14,38,8
43-5032,"Dispatchers, Except Police, Fire, and Ambulance",50,47,44,47,44,28,3,50,6
17-3024,Electro-Mechanical Technicians,50,35,72,41,33,66,49,28,2
33-2021,Fire Inspectors,50,47,41,47,59,41,32,47,4
19-3092,Geographers,50,41,16,56,22,0,6,44,9
29-2035,Magnetic Resonance Imaging Technologists,50,50,50,50,90,50,11,47,7
17-2121,Marine Engineers,50,47,41,60,31,31,52,47,0
51-8011,Nuclear Power Reactor Operators,50,47,47,50,24,35,24,44,1
29-9012,Occupational Health and Safety Technicians,50,47,41,47,56,25,30,47,7
19-4099,Quality Control Analysts,50,38,47,44,32,41,18,41,0
17-2072,Radio Frequency Identification Device Specialists,50,47,31,50,30,28,17,38,9
13-2099,Risk Management Specialists,50,50,22,50,33,0,13,50,8
31-9096,Veterinary Assistants and Laboratory Animal Caretakers,50,31,47,28,72,50,36,31,4
13-2011,Accountants,50,50,28,50,36,10,3,47,0
49-3011,Aircraft Mechanics and Service Technicians,50,47,75,47,58,72,70,35,1
53-2022,Airfield Operations Specialists,50,50,38,50,37,38,28,47,1
39-2011,Animal Trainers,50,47,47,53,53,50,15,38,5
27-4011,Audio and Video Equipment Technicians,50,41,50,47,34,50,23,38,65
53-6051,Aviation Inspectors,50,47,50,44,57,47,41,47,6
17-2199,Biochemical Engineers,50,47,44,60,35,35,25,47,4
27-4012,Broadcast Technicians,50,35,50,50,34,50,32,35,2
43-4011,Brokerage Clerks,50,38,47,41,26,25,7,47,0
13-2031,Budget Analysts,50,38,16,47,33,0,3,38,2
53-3022,"Bus Drivers, School or Special Client",50,41,41,28,66,47,25,38,7
43-5011,Cargo and Freight Agents,50,44,28,31,34,10,3,50,2
19-4031,Chemical Technicians,50,38,56,50,49,50,23,41,0
49-9092,Commercial Divers,50,47,69,50,58,69,62,50,0
53-2012,Commercial Pilots,50,44,53,47,51,63,70,35,1
15-1121,Computer Systems Analysts,50,44,47,50,23,19,8,38,1
15-1199,Computer Systems Engineers/Architects,50,50,31,72,32,19,11,50,3
39-3092,Costume Attendants,50,44,50,50,55,47,40,44,66
43-4051,Customer Service Representatives,50,53,41,44,40,22,15,47,0
13-1199,Customs Brokers,50,47,16,47,30,0,1,50,6
15-1199,Data Warehousing Specialists,50,44,6,50,21,0,0,41,2
31-9091,Dental Assistants,50,47,53,41,94,50,62,44,5
29-2051,Dietetic Technicians,50,47,47,47,83,38,16,44,2
49-2093,"Electrical and Electronics Installers and Repairers, Transportation Equipment",50,47,60,35,34,66,73,31,11
17-3029,Electronics Engineering Technologists,50,47,63,47,35,50,40,31,2
17-2072,"Electronics Engineers, Except Computer",50,50,53,56,21,44,10,50,6
17-3025,Environmental Engineering Technicians,50,47,50,50,34,47,27,47,1
13-1074,Farm Labor Contractors,50,41,25,25,44,35,5,44,5
13-2099,Financial Quantitative Analysts,50,56,25,53,19,22,1,41,0
17-2111,Fire-Prevention and Protection Engineers,50,50,41,53,25,0,23,44,4
33-2011,Forest Firefighters,50,47,63,44,80,69,57,47,9
53-6051,Freight and Cargo Inspectors,50,41,44,35,29,35,57,38,1
17-1022,Geodetic Surveyors,50,38,44,50,28,38,20,38,5
15-1199,Geospatial Information Scientists and Technologists,50,41,41,50,22,25,9,41,14
19-2043,Hydrologists,50,50,31,56,23,28,18,47,4
17-3029,Industrial Engineering Technologists,50,47,44,47,44,38,13,41,4
13-1032,"Insurance Appraisers, Auto Damage",50,47,28,35,59,28,41,47,0
13-2053,Insurance Underwriters,50,47,22,47,19,19,0,44,3
43-4031,License Clerks,50,31,44,28,38,25,23,35,0
39-5091,"Makeup Artists, Theatrical and Performance",50,41,66,60,56,69,39,38,58
19-2032,Materials Scientists,50,50,38,60,24,28,16,44,2
53-5021,"Mates- Ship, Boat, and Barge",50,44,47,47,48,50,59,44,3
17-3013,Mechanical Drafters,50,35,50,56,27,25,11,31,1
15-1142,Network and Computer Systems Administrators,50,44,44,53,44,38,26,38,2
43-9061,"Office Clerks, General",50,41,35,28,40,22,11,41,6
27-3012,Public Address System and Other Announcers,50,41,35,44,26,31,12,28,53
19-2099,Remote Sensing Scientists and Technologists,50,47,44,60,22,25,7,41,4
43-6014,"Secretaries and Administrative Assistants, Except Legal, Medical, and Executive",50,31,28,25,54,25,6,35,4
27-4014,Sound Engineering Technicians,50,47,53,50,33,47,33,47,66
29-2055,Surgical Technologists,50,41,50,38,87,60,52,41,0
53-6041,Traffic Technicians,50,47,44,50,22,28,15,44,2
25-9011,Audio-Visual and Multimedia Collections Specialists,50,35,44,50,37,31,24,28,41
17-2141,Automotive Engineers,50,47,41,66,28,22,16,41,6
43-3021,"Billing, Cost, and Rate Clerks",50,44,44,25,40,25,4,41,0
51-3021,Butchers and Meat Cutters,50,44,50,28,49,63,9,44,1
17-1021,Cartographers and Photogrammetrists,50,35,47,50,28,31,11,35,0
19-2031,Chemists,50,41,60,50,35,44,11,31,1
35-2013,"Cooks, Private Household",50,44,56,50,38,56,7,22,8
17-3012,Electronic Drafters,50,44,50,47,28,31,4,41,7
33-2022,Forest Fire Inspectors and Prevention Specialists,50,50,38,50,62,38,41,47,2
39-3012,Gaming and Sports Book Writers and Runners,50,38,44,25,56,41,8,31,6
19-4041,Geophysical Data Technicians,50,44,44,35,24,19,20,25,2
43-6012,Legal Secretaries,50,44,28,41,37,19,3,35,0
25-4031,Library Technicians,50,28,47,25,49,38,11,19,19
49-9011,Mechanical Door Repairers,50,47,60,41,43,72,58,41,2
29-2012,Medical and Clinical Laboratory Technicians,50,38,66,47,51,53,34,41,0
27-1026,Merchandise Displayers and Window Trimmers,50,47,56,56,42,60,29,35,25
49-9044,Millwrights,50,50,75,47,45,81,82,50,1
43-4031,Municipal Clerks,50,35,28,31,41,19,7,28,4
49-9063,Musical Instrument Repairers and Tuners,50,47,75,44,23,75,27,44,60
19-4051,Nuclear Monitoring Technicians,50,47,47,50,51,44,44,44,0
27-4013,Radio Operators,50,35,60,41,28,41,20,28,1
39-5094,Skincare Specialists,50,41,53,50,71,50,20,38,0
13-2082,Tax Preparers,50,44,35,41,38,22,5,41,8
53-3041,Taxi Drivers and Chauffeurs,50,41,41,38,61,53,18,38,3
43-5111,"Weighers, Measurers, Checkers, and Samplers, Recordkeeping",50,47,50,31,44,44,22,38,9
47-4041,Hazardous Materials Removal Workers,50,47,50,44,48,56,57,44,19
43-9041,Insurance Claims Clerks,50,41,31,28,54,25,1,35,0
49-9095,Manufactured Building and Mobile Home Installers,50,50,72,53,51,75,73,53,17
47-2141,"Painters, Construction and Maintenance",50,28,47,31,56,53,53,28,11
43-5052,Postal Service Mail Carriers,50,25,47,25,22,47,20,25,0
47-5013,"Service Unit Operators, Oil, Gas, and Mining",50,44,50,41,73,60,78,44,0
17-3031,Surveying Technicians,50,44,63,44,31,50,31,38,8
17-1022,Surveyors,50,44,50,47,24,50,32,44,8
49-2022,"Telecommunications Equipment Installers and Repairers, Except Line Installers",50,41,66,44,49,66,67,38,5
41-2011,Cashiers,50,41,44,28,61,38,1,41,3
35-3022,"Counter Attendants, Cafeteria, Food Concession, and Coffee Shop",50,44,44,35,49,41,15,38,12
53-7032,Excavating and Loading Machine and Dragline Operators,50,50,63,25,55,72,41,35,2
47-2132,"Insulation Workers, Mechanical",50,35,60,41,50,60,85,38,11
39-5092,Manicurists and Pedicurists,50,41,53,41,49,50,6,38,16
33-9032,Security Guards,50,44,22,25,55,22,3,38,4
51-6052,"Tailors, Dressmakers, and Custom Sewers",50,35,69,41,45,60,30,35,12
17-3027,Automotive Engineering Technicians,50,35,60,50,27,53,45,35,3
49-3023,Automotive Master Mechanics,50,44,72,44,42,69,80,44,1
33-9091,Crossing Guards,50,28,25,22,61,35,0,28,0
41-9012,Models,50,28,10,41,7,10,12,31,31
37-3012,"Pesticide Handlers, Sprayers, and Applicators, Vegetation",50,35,47,35,46,53,44,35,2
53-6011,Bridge and Lock Tenders,50,44,47,38,47,47,10,44,4
53-3021,"Bus Drivers, Transit and Intercity",50,38,44,25,63,47,25,28,5
35-3021,"Combined Food Preparation and Serving Workers, Including Fast Food",50,41,44,22,52,44,24,25,10
49-2097,Electronic Home Entertainment Equipment Installers and Repairers,50,41,69,44,42,56,34,35,4
53-6021,Parking Lot Attendants,50,31,38,25,50,47,9,35,4
43-5051,Postal Service Clerks,50,41,50,25,38,53,43,31,3
47-2061,Construction Laborers,50,28,50,28,34,69,58,28,8
43-4071,File Clerks,50,31,47,47,46,41,11,35,16
47-3012,Helpers--Carpenters,50,31,50,38,39,56,67,28,5
51-3091,"Food and Tobacco Roasting, Baking, and Drying Machine Operators and Tenders",50,38,50,28,41,50,28,31,1
35-2021,Food Preparation Workers,50,35,50,25,57,53,12,31,16
41-2012,Gaming Change Persons and Booth Cashiers,50,41,50,25,54,47,15,41,0
15-2041,Biostatisticians,47,44,35,53,16,19,0,35,2
43-9031,Desktop Publishers,47,47,50,69,36,47,4,38,46
17-2131,Materials Engineers,47,47,41,53,22,28,16,44,7
17-2151,"Mining and Geological Engineers, Including Mining Safety Engineers",47,47,19,63,27,0,31,47,0
11-9041,Biofuels/Biodiesel Technology and Product Development Managers,47,50,47,63,39,35,24,47,1
17-2141,Fuel Cell Engineers,47,47,44,56,28,35,13,44,0
17-3026,Industrial Engineering Technicians,47,47,41,56,29,28,37,41,1
23-2011,Paralegals and Legal Assistants,47,44,28,44,34,13,9,38,0
17-2199,Solar Energy Systems Engineers,47,47,35,60,29,31,26,44,1
17-3021,Aerospace Engineering and Operations Technicians,47,41,50,47,29,50,59,38,0
19-4011,Agricultural Technicians,47,41,50,50,42,38,32,41,1
17-3011,Architectural Drafters,47,44,44,50,30,31,12,31,27
49-2091,Avionics Technicians,47,47,66,47,41,56,53,35,7
43-9111,Bioinformatics Technicians,47,44,38,50,23,0,7,38,1
49-2011,"Computer, Automated Teller, and Office Machine Repairers",47,38,63,44,23,53,55,44,0
27-2031,Dancers,47,38,25,47,36,28,29,25,87
13-1199,Energy Auditors,47,50,41,50,31,41,68,50,1
19-4011,Food Science Technicians,47,28,47,35,49,38,30,28,4
49-9021,Heating and Air Conditioning Mechanics and Installers,47,44,66,41,53,63,71,35,1
17-3029,Manufacturing Engineering Technologists,47,47,47,60,34,47,21,47,4
17-3029,Manufacturing Production Technicians,47,38,53,47,36,53,35,35,9
17-3027,Mechanical Engineering Technicians,47,44,53,50,31,47,37,44,2
25-4013,Museum Technicians and Conservators,47,38,56,60,24,53,30,38,62
17-3029,Non-Destructive Testing Specialists,47,41,50,41,30,50,56,38,3
15-2031,Operations Research Analysts,47,44,19,69,23,0,0,31,0
51-9151,Photographic Process Workers and Processing Machine Operators,47,47,50,44,33,53,35,47,25
53-4031,Railroad Conductors and Yardmasters,47,50,44,41,41,44,45,38,7
15-1132,"Software Developers, Applications",47,47,38,56,32,25,5,44,0
19-1013,Soil and Plant Scientists,47,47,44,63,30,25,18,38,2
15-1199,Web Administrators,47,38,44,50,20,25,5,38,15
15-2011,Actuaries,47,50,16,53,17,0,2,50,0
49-3021,Automotive Body and Related Repairers,47,41,56,47,38,60,64,31,12
17-3022,Civil Engineering Technicians,47,38,38,50,28,25,20,38,7
15-1152,Computer Network Support Specialists,47,31,50,41,42,35,48,31,1
35-2012,"Cooks, Institution and Cafeteria",47,41,50,41,67,50,20,38,3
35-2014,"Cooks, Restaurant",47,35,50,47,52,53,38,35,9
19-3011,Economists,47,50,13,53,12,0,3,35,3
49-2094,"Electrical and Electronics Repairers, Commercial and Industrial Equipment",47,50,69,50,38,69,50,35,0
49-9051,Electrical Power-Line Installers and Repairers,47,44,63,41,62,66,42,35,1
17-3029,Electromechanical Engineering Technologists,47,44,53,44,29,50,21,41,3
49-2096,"Electronic Equipment Installers and Repairers, Motor Vehicles",47,44,72,47,45,63,73,44,7
51-6092,Fabric and Apparel Patternmakers,47,41,63,69,36,53,12,38,22
45-4011,Forest and Conservation Workers,47,44,50,44,47,56,18,38,1
13-1081,Logistics Analysts,47,44,35,53,28,3,15,41,7
17-2141,Mechanical Engineers,47,50,41,56,26,16,22,47,3
27-1014,Multimedia Artists and Animators,47,47,41,63,37,31,1,41,47
19-4099,Precision Agriculture Technicians,47,47,47,50,30,47,32,38,1
51-5112,Printing Press Operators,47,38,53,41,30,53,55,31,0
17-2111,Product Safety Engineers,47,44,19,53,46,3,18,44,8
43-5061,"Production, Planning, and Expediting Clerks",47,47,38,47,44,25,13,44,2
53-5011,Sailors and Marine Oilers,47,44,50,35,62,63,66,38,0
49-2098,Security and Fire Alarm Systems Installers,47,28,53,41,25,60,49,25,0
27-2042,Singers,47,35,13,50,46,13,29,25,88
19-4061,Social Science Research Assistants,47,38,38,50,22,6,6,35,5
15-1199,Software Quality Assurance Engineers and Testers,47,38,31,50,24,25,2,35,2
47-4099,Solar Thermal Installers and Technicians,47,44,53,47,34,50,59,44,1
43-9111,Statistical Assistants,47,44,28,50,34,13,19,41,1
49-9052,Telecommunications Line Installers and Repairers,47,31,50,38,60,56,70,28,0
17-2051,Transportation Engineers,47,50,35,53,34,19,11,50,5
51-8031,Water and Wastewater Treatment Plant and System Operators,47,31,47,28,52,50,45,31,0
13-2021,"Appraisers, Real Estate",47,41,28,44,24,22,10,35,5
17-3011,Civil Drafters,47,41,44,50,16,25,5,35,4
15-1151,Computer User Support Specialists,47,41,53,47,38,38,28,41,0
51-4011,"Computer-Controlled Machine Tool Operators, Metal and Plastic",47,28,53,47,33,53,38,28,6
47-4011,Construction and Building Inspectors,47,44,38,47,30,28,66,44,1
49-9012,"Control and Valve Installers and Repairers, Except Mechanical Door",47,25,53,47,50,56,66,28,1
35-2015,"Cooks, Short Order",47,44,50,35,42,50,29,41,7
29-2011,Cytotechnologists,47,31,72,35,41,50,5,28,1
47-5011,"Derrick Operators, Oil and Gas",47,38,56,31,36,69,70,38,2
17-3023,Electrical Engineering Technicians,47,38,60,50,54,56,33,41,1
47-5031,"Explosives Workers, Ordnance Handling Experts, and Blasters",47,38,69,47,43,75,33,41,2
27-1013,"Fine Artists, Including Painters, Sculptors, and Illustrators",47,35,60,85,23,60,0,25,61
51-3092,Food Batchmakers,47,28,50,25,41,53,37,31,5
29-2011,Histotechnologists and Histologic Technicians,47,44,69,38,35,53,16,31,2
43-4121,"Library Assistants, Clerical",47,28,38,28,58,25,6,25,12
31-9094,Medical Transcriptionists,47,22,60,22,39,38,5,22,0
51-9023,"Mixing and Blending Machine Setters, Operators, and Tenders",47,28,50,28,46,56,24,28,2
49-3042,"Mobile Heavy Equipment Mechanics, Except Engines",47,38,72,44,47,75,87,35,0
27-2041,Music Composers and Arrangers,47,41,53,72,22,22,4,38,89
51-9123,"Painting, Coating, and Decorating Workers",47,25,50,31,41,56,27,25,19
53-5021,"Pilots, Ship",47,41,44,47,30,47,44,38,0
47-2152,Plumbers,47,35,66,47,39,63,76,35,4
51-9195,"Potters, Manufacturing",47,31,72,56,25,69,17,19,71
51-8013,Power Plant Operators,47,31,53,44,40,47,46,25,2
51-5111,Prepress Technicians and Workers,47,47,47,41,28,44,8,41,27
49-3092,Recreational Vehicle Service Technicians,47,41,63,38,47,69,78,41,0
19-4099,Remote Sensing Technicians,47,38,44,56,20,31,7,38,3
17-3024,Robotics Technicians,47,38,72,50,25,69,49,35,2
47-5012,"Rotary Drill Operators, Oil and Gas",47,47,63,38,52,69,57,47,0
51-9141,Semiconductor Processors,47,31,56,35,50,53,42,25,7
53-5031,Ship Engineers,47,25,60,50,39,56,73,25,0
47-2221,Structural Iron and Steel Workers,47,35,66,44,38,75,72,28,0
23-2093,"Title Examiners, Abstractors, and Searchers",47,38,25,28,19,16,8,28,0
15-1134,Web Developers,47,47,44,53,23,25,4,44,26
49-3022,Automotive Glass Installers and Repairers,47,35,50,25,12,53,62,35,0
17-2061,Computer Hardware Engineers,47,44,44,56,25,28,5,28,1
47-4021,Elevator Installers and Repairers,47,44,63,47,44,63,75,38,2
27-4032,Film and Video Editors,47,44,53,63,21,35,7,41,52
35-3041,"Food Servers, Nonrestaurant",47,22,35,22,67,41,15,19,2
51-8092,Gas Plant Operators,47,38,50,35,37,44,55,44,0
47-4051,Highway Maintenance Workers,47,38,53,28,74,56,44,35,8
53-4012,Locomotive Firers,47,28,50,25,28,56,46,28,1
51-9195,Molding and Casting Workers,47,25,56,28,39,60,30,25,5
49-3052,Motorcycle Mechanics,47,41,69,50,19,72,37,31,0
51-9111,Packaging and Filling Machine Operators and Tenders,47,31,50,28,51,53,39,31,10
51-8093,"Petroleum Pump System Operators, Refinery Operators, and Gaugers",47,35,53,44,41,53,56,35,1
47-2152,Pipe Fitters and Steamfitters,47,41,56,50,30,69,70,41,5
47-2151,Pipelayers,47,31,50,31,48,53,60,31,4
47-2031,Construction Carpenters,47,31,50,44,31,66,60,28,5
51-7031,"Model Makers, Wood",47,35,69,50,26,56,17,28,12
51-9196,"Paper Goods Machine Setters, Operators, and Tenders",47,35,53,31,57,53,56,31,0
51-7032,"Patternmakers, Wood",47,28,60,38,34,75,45,25,2
51-4023,"Rolling Machine Setters, Operators, and Tenders, Metal and Plastic",47,22,56,31,44,66,33,25,0
43-5071,"Shipping, Receiving, and Traffic Clerks",47,44,47,28,38,50,19,35,8
51-6093,Upholsterers,47,38,75,50,35,75,34,35,2
51-9191,Adhesive Bonding Machine Operators and Tenders,47,25,60,25,34,66,48,22,2
39-6011,Baggage Porters and Bellhops,47,31,41,35,77,47,15,31,10
51-4022,"Forging Machine Setters, Operators, and Tenders, Metal and Plastic",47,35,50,31,41,50,48,31,9
51-3022,"Meat, Poultry, and Fish Cutters and Trimmers",47,31,50,25,54,53,29,31,20
51-4051,Metal-Refining Furnace Operators and Tenders,47,31,50,28,39,69,42,28,1
19-4051,Nuclear Equipment Operation Technicians,47,28,47,31,29,47,67,28,0
43-5081,"Stock Clerks, Sales Floor",47,38,31,28,50,47,12,28,0
51-6061,Textile Bleaching and Dyeing Machine Operators and Tenders,47,28,56,38,43,53,20,28,14
47-4099,Weatherization Installers and Technicians,47,44,53,35,45,63,80,41,1
53-6031,Automotive and Watercraft Service Attendants,47,41,56,28,42,56,50,41,0
47-2041,Carpet Installers,47,35,53,31,23,56,66,31,6
23-2091,Court Reporters,47,22,53,22,14,38,10,22,1
51-9081,Dental Laboratory Technicians,47,28,72,38,28,53,9,28,49
51-4032,"Drilling and Boring Machine Tool Setters, Operators, and Tenders, Metal and Plastic",47,35,53,35,47,56,26,35,6
47-2042,"Floor Layers, Except Carpet, Wood, and Hard Tiles",47,35,53,41,36,53,71,38,2
51-6011,Laundry and Dry-Cleaning Workers,47,31,47,25,53,50,8,31,6
53-3033,Light Truck or Delivery Services Drivers,47,28,47,22,40,50,44,22,0
43-9071,"Office Machine Operators, Except Computer",47,31,47,28,34,44,7,31,15
53-4013,"Rail Yard Engineers, Dinkey Operators, and Hostlers",47,41,47,35,39,56,45,31,1
53-7081,Refuse and Recyclable Material Collectors,47,35,50,28,44,53,38,31,0
47-5061,"Roof Bolters, Mining",47,31,50,28,51,72,89,28,0
43-3021,Statement Clerks,47,28,41,28,46,13,10,28,0
51-2041,Structural Metal Fabricators and Fitters,47,28,50,22,31,53,46,22,2
45-2091,Agricultural Equipment Operators,47,25,50,28,60,53,9,28,6
51-2031,Engine and Other Machine Assemblers,47,31,63,31,39,66,47,28,0
51-9041,"Extruding, Forming, Pressing, and Compacting Machine Setters, Operators, and Tenders",47,25,56,28,41,60,46,19,10
51-4072,"Molding, Coremaking, and Casting Machine Setters, Operators, and Tenders, Metal and Plastic",47,28,53,28,37,66,34,28,0
51-4081,"Multiple Machine Tool Setters, Operators, and Tenders, Metal and Plastic",47,28,50,44,25,66,45,25,9
51-8021,Stationary Engineers and Boiler Operators,47,41,50,35,46,53,44,44,1
17-2199,Mechatronics Engineers,44,50,35,60,19,10,24,47,1
25-4011,Archivists,44,44,28,47,28,25,24,44,20
29-2011,Cytogenetic Technologists,44,31,56,44,33,44,14,31,0
15-1141,Database Administrators,44,41,35,50,33,22,12,28,0
17-3029,Mechanical Engineering Technologists,44,44,60,50,29,50,29,44,3
51-8012,Power Distributors and Dispatchers,44,38,44,44,34,31,17,41,0
43-9011,Computer Operators,44,38,50,44,27,25,25,35,1
17-3029,Electrical Engineering Technologists,44,35,44,41,32,31,31,35,0
47-2111,Electricians,44,41,63,44,39,60,67,31,2
13-2051,Financial Analysts,44,47,22,47,10,0,3,35,7
19-4041,Geological Sample Test Technicians,44,44,50,50,23,50,25,31,5
19-2042,"Geoscientists, Except Hydrologists and Geographers",44,47,35,53,26,28,23,44,12
17-3031,Mapping Technicians,44,38,53,50,16,38,10,31,4
17-3029,Nanotechnology Engineering Technologists,44,41,47,53,19,41,15,38,0
17-3029,Photonics Technicians,44,35,63,41,27,56,27,31,4
45-2011,Agricultural Inspectors,44,47,41,41,38,38,36,47,4
19-4021,Biological Technicians,44,25,50,47,20,47,13,22,2
43-3031,"Bookkeeping, Accounting, and Auditing Clerks",44,31,38,22,29,25,11,31,0
51-4012,"Computer Numerically Controlled Machine Tool Programmers, Metal and Plastic",44,35,50,47,30,44,17,35,12
13-2041,Credit Analysts,44,44,41,41,24,19,0,41,3
51-9031,"Cutters and Trimmers, Hand",44,28,47,25,44,63,1,25,1
49-2092,"Electric Motor, Power Tool, and Related Repairers",44,38,75,44,39,69,48,31,2
49-9031,Home Appliance Repairers,44,44,69,47,27,69,78,31,0
15-1122,Information Security Analysts,44,41,35,50,16,22,16,41,1
51-4192,"Layout Workers, Metal and Plastic",44,28,56,38,50,63,48,22,1
45-4023,Log Graders and Scalers,44,44,50,38,35,50,21,41,2
51-4041,Machinists,44,38,63,38,28,66,16,38,7
49-9062,Medical Equipment Repairers,44,38,72,47,52,56,41,31,2
43-3051,Payroll and Timekeeping Clerks,44,28,31,25,39,13,3,25,1
17-2199,Photonics Engineers,44,41,41,69,25,38,22,38,2
15-2041,Statisticians,44,41,31,50,22,0,4,22,3
27-3042,Technical Writers,44,47,35,47,27,25,1,41,3
53-6051,"Transportation Vehicle, Equipment and Systems Inspectors, Except Aviation",44,28,47,25,10,47,43,28,0
51-3011,Bakers,44,25,50,44,45,50,13,28,14
47-2011,Boilermakers,44,31,72,35,56,69,79,35,0
49-3031,Bus and Truck Mechanics and Diesel Engine Specialists,44,35,66,41,44,66,78,28,5
51-9011,Chemical Equipment Operators and Tenders,44,28,50,31,52,56,62,25,3
53-7011,Conveyor Operators and Tenders,44,38,50,28,53,53,29,28,0
35-2011,"Cooks, Fast Food",44,31,28,25,26,47,16,28,1
51-9021,"Crushing, Grinding, and Polishing Machine Setters, Operators, and Tenders",44,41,50,28,49,66,38,35,2
17-3012,Electrical Drafters,44,44,47,47,37,22,2,28,13
17-3023,Electronics Engineering Technicians,44,44,56,50,30,53,30,31,2
51-7021,Furniture Finishers,44,38,53,47,48,66,6,31,9
51-9071,Gem and Diamond Workers,44,38,66,38,22,53,5,31,2
15-1199,Geographic Information Systems Technicians,44,41,53,47,25,28,1,35,12
47-2121,Glaziers,44,25,56,31,34,60,51,19,1
53-4011,Locomotive Engineers,44,25,50,25,38,60,62,25,1
43-9051,"Mail Clerks and Mail Machine Operators, Except Postal Service",44,22,53,25,53,53,8,19,1
49-9071,"Maintenance and Repair Workers, General",44,25,60,28,50,69,57,22,2
15-2021,Mathematicians,44,41,35,60,20,0,4,28,5
31-9093,Medical Equipment Preparers,44,25,56,25,64,56,28,19,7
17-3029,Nanotechnology Engineering Technicians,44,35,60,50,30,60,36,31,1
49-2021,Radio Mechanics,44,28,69,44,33,63,49,28,4
51-9012,"Separating, Filtering, Clarifying, Precipitating, and Still Machine Setters, Operators, and Tenders",44,38,50,28,30,50,51,28,1
47-4071,Septic Tank Servicers and Sewer Pipe Cleaners,44,35,47,31,33,69,50,35,0
39-5093,Shampooers,44,35,47,25,63,50,20,31,8
47-2044,Tile and Marble Setters,44,44,53,44,15,53,72,44,2
49-9061,Camera and Photographic Equipment Repairers,44,28,66,44,20,56,10,25,16
51-9032,"Cutting and Slicing Machine Setters, Operators, and Tenders",44,25,72,25,49,66,34,25,2
49-3041,Farm Equipment Mechanics and Service Technicians,44,35,72,28,37,75,80,22,4
45-3011,Fishers and Related Fishing Workers,44,31,60,31,31,69,62,41,1
51-3093,Food Cooking Machine Operators and Tenders,44,22,47,28,55,53,35,22,0
51-9071,Jewelers,44,41,85,60,28,72,6,41,32
49-9094,Locksmiths and Safe Repairers,44,38,72,38,35,53,61,31,3
29-2071,Medical Records and Health Information Technicians,44,25,47,35,43,38,17,25,3
47-2181,Roofers,44,31,53,31,43,63,51,25,5
47-2031,Rough Carpenters,44,41,56,50,50,66,65,44,16
51-9195,"Stone Cutters and Carvers, Manufacturing",44,25,63,44,62,66,14,28,26
51-2092,Team Assemblers,44,35,60,25,27,66,15,22,0
49-9064,Watch Repairers,44,28,78,41,30,63,27,31,6
49-9081,Wind Turbine Service Technicians,44,35,63,44,45,63,79,31,1
51-9193,Cooling and Freezing Equipment Operators and Tenders,44,38,53,35,43,53,40,35,0
43-5021,Couriers and Messengers,44,35,53,31,40,53,21,28,0
53-7031,Dredge Operators,44,31,53,25,31,60,28,31,2
51-4021,"Extruding and Drawing Machine Setters, Operators, and Tenders, Metal and Plastic",44,35,50,31,32,66,33,19,5
51-2091,Fiberglass Laminators and Fabricators,44,38,56,41,43,60,40,38,2
53-7071,Gas Compressor and Gas Pumping Station Operators,44,31,72,38,39,72,45,31,2
53-3032,Heavy and Tractor-Trailer Truck Drivers,44,28,47,31,42,53,43,31,1
47-5081,Helpers--Extraction Workers,44,28,60,35,71,75,60,25,0
49-3053,Outdoor Power Equipment and Other Small Engine Mechanics,44,28,72,41,45,66,51,25,8
51-9122,"Painters, Transportation Equipment",44,25,63,31,36,63,58,22,5
43-5053,"Postal Service Mail Sorters, Processors, and Processing Machine Operators",44,25,50,22,40,60,36,19,0
49-9045,"Refractory Materials Repairers, Except Brickmasons",44,25,50,31,41,60,66,25,0
47-2231,Solar Photovoltaic Installers,44,38,56,44,48,53,50,35,3
51-2093,Timing Device Assemblers and Adjusters,44,25,75,31,29,60,19,16,0
51-2011,"Aircraft Structure, Surfaces, Rigging, and Systems Assemblers",44,31,63,35,38,60,35,31,7
47-2021,Brickmasons and Blockmasons,44,38,56,41,36,69,55,31,0
47-5041,Continuous Mining Machine Operators,44,28,50,28,50,60,75,25,0
35-9011,Dining Room and Cafeteria Attendants and Bartender Helpers,44,22,44,25,61,60,15,25,8
51-9194,Etchers and Engravers,44,28,56,41,49,56,30,25,33
47-3011,"Helpers--Brickmasons, Blockmasons, Stonemasons, and Tile and Marble Setters",44,22,50,25,43,56,61,22,8
51-9061,"Inspectors, Testers, Sorters, Samplers, and Weighers",44,31,47,28,38,47,17,22,2
47-2131,"Insulation Workers, Floor, Ceiling, and Wall",44,41,50,35,39,63,70,38,0
45-4022,Logging Equipment Operators,44,35,50,28,63,53,32,31,0
43-5081,Marking Clerks,44,35,50,25,54,50,34,35,0
39-2021,Nonfarm Animal Caretakers,44,22,41,25,57,44,48,25,11
45-2092,Nursery Workers,44,35,53,22,26,56,23,28,2
49-2021,"Radio, Cellular, and Tower Equipment Installers and Repairers",44,38,60,31,40,53,72,31,0
49-3043,Rail Car Repairers,44,31,66,44,47,72,61,28,1
51-6041,Shoe and Leather Workers and Repairers,44,31,56,16,28,56,15,22,6
49-9097,Signal and Track Switch Repairers,44,35,69,31,40,69,50,31,1
49-3093,Tire Repairers and Changers,44,31,50,28,42,66,63,31,3
51-9192,"Cleaning, Washing, and Metal Pickling Equipment Operators and Tenders",44,25,50,22,47,50,37,25,1
51-9121,"Coating, Painting, and Spraying Machine Setters, Operators, and Tenders",44,28,50,25,22,66,17,28,1
49-9041,Industrial Machinery Mechanics,44,35,69,41,28,72,72,28,3
37-2011,"Janitors and Cleaners, Except Maids and Housekeeping Cleaners",44,25,41,25,39,50,33,22,7
37-2012,Maids and Housekeeping Cleaners,44,31,38,25,50,47,24,25,0
43-5041,"Meter Readers, Utilities",44,38,44,31,39,47,63,35,1
43-5081,"Order Fillers, Wholesale and Retail Sales",44,22,31,19,31,44,35,22,7
47-2161,Plasterers and Stucco Masons,44,31,50,44,52,66,35,31,8
51-4052,"Pourers and Casters, Metal",44,28,50,31,42,63,42,28,11
53-7072,"Pump Operators, Except Wellhead Pumpers",44,35,53,28,35,53,50,31,0
53-4021,"Railroad Brake, Signal, and Switch Operators",44,28,53,28,34,53,64,28,1
39-3021,Motion Picture Projectionists,44,31,47,31,22,53,30,25,10
47-4061,Rail-Track Laying and Maintenance Equipment Operators,44,28,53,31,49,69,49,22,7
53-7051,Industrial Truck and Tractor Operators,44,25,47,22,56,63,54,22,7
51-8099,Biomass Plant Technicians,41,41,50,38,42,53,47,38,3
49-2095,"Electrical and Electronics Repairers, Powerhouse, Substation, and Relay",41,35,56,44,42,53,58,38,0
51-8091,Chemical Plant and System Operators,41,35,50,28,22,53,59,31,0
51-6091,"Extruding and Forming Machine Setters, Operators, and Tenders, Synthetic and Glass Fibers",41,31,60,31,35,56,33,28,10
51-4061,"Model Makers, Metal and Plastic",41,25,56,38,32,60,32,22,1
49-3051,Motorboat Mechanics and Service Technicians,41,25,66,35,28,69,79,22,3
51-5113,Print Binding and Finishing Workers,41,28,63,35,38,60,37,28,4
51-9199,Recycling and Reclamation Workers,41,25,56,25,35,69,37,22,7
49-9091,"Coin, Vending, and Amusement Machine Servicers and Repairers",41,25,66,25,23,66,44,22,4
43-9021,Data Entry Keyers,41,35,69,25,35,25,20,28,3
51-2022,Electrical and Electronic Equipment Assemblers,41,28,69,28,37,60,27,28,0
51-4191,"Heat Treating Equipment Setters, Operators, and Tenders, Metal and Plastic",41,22,56,25,26,63,46,22,0
43-9041,Insurance Policy Processing Clerks,41,31,22,25,27,19,8,31,2
51-9083,Ophthalmic Laboratory Technicians,41,31,66,28,45,63,16,28,10
51-4062,"Patternmakers, Metal and Plastic",41,25,53,41,17,56,43,25,1
37-3013,Tree Trimmers and Pruners,41,35,53,31,52,72,42,31,9
51-4122,"Welding, Soldering, and Brazing Machine Setters, Operators, and Tenders",41,25,53,25,38,60,47,25,6
43-9022,Word Processors and Typists,41,28,50,22,53,28,10,25,0
45-2021,Animal Breeders,41,35,50,22,39,47,31,19,3
51-7011,Cabinetmakers and Bench Carpenters,41,31,72,47,27,72,31,25,2
43-5081,"Stock Clerks- Stockroom, Warehouse, or Storage Yard",41,41,35,19,30,53,48,38,1
49-3023,Automotive Specialty Technicians,41,28,72,28,39,75,69,25,0
51-2021,"Coil Winders, Tapers, and Finishers",41,22,53,19,41,60,25,19,11
35-9021,Dishwashers,41,28,50,25,61,69,15,28,9
45-2092,"Farmworkers and Laborers, Crop",41,28,47,28,28,53,5,28,0
51-9022,"Grinding and Polishing Workers, Hand",41,28,69,41,36,72,43,25,13
51-4033,"Grinding, Lapping, Polishing, and Buffing Machine Tool Setters, Operators, and Tenders, Metal and Plastic",41,25,53,25,40,69,21,25,2
49-9098,"Helpers--Installation, Maintenance, and Repair Workers",41,35,56,31,45,66,60,28,4
47-3014,"Helpers--Painters, Paperhangers, Plasterers, and Stucco Masons",41,31,50,28,36,60,30,31,1
53-7033,"Loading Machine Operators, Underground Mining",41,28,47,16,22,60,77,28,0
51-4035,"Milling and Planing Machine Setters, Operators, and Tenders, Metal and Plastic",41,25,56,38,39,69,16,25,1
47-2073,Operating Engineers and Other Construction Equipment Operators,41,35,47,28,41,60,37,22,1
51-4193,"Plating and Coating Machine Setters, Operators, and Tenders, Metal and Plastic",41,35,50,31,38,56,25,35,4
47-5071,"Roustabouts, Oil and Gas",41,28,50,28,47,66,70,25,7
47-5021,"Earth Drillers, Except Oil and Gas",41,35,53,35,60,69,57,31,0
49-9093,"Fabric Menders, Except Garment",41,28,66,28,29,69,20,28,7
45-2093,"Farmworkers, Farm, Ranch, and Aquacultural Animals",41,38,53,41,44,53,17,28,4
47-4031,Fence Erectors,41,25,56,22,53,69,57,25,20
47-3016,Helpers--Roofers,41,25,53,31,61,63,44,28,6
51-4034,"Lathe and Turning Machine Tool Setters, Operators, and Tenders, Metal and Plastic",41,22,60,28,24,56,21,19,6
49-9043,"Maintenance Workers, Machinery",41,31,53,38,31,56,62,28,5
47-2142,Paperhangers,41,28,56,25,30,66,46,25,11
53-7121,"Tank Car, Truck, and Ship Loaders",41,25,53,35,47,69,65,31,2
47-2082,Tapers,41,25,47,25,34,53,58,25,0
49-9099,Geothermal Technicians,41,35,50,44,52,50,52,35,1
51-9198,Helpers--Production Workers,41,22,53,22,44,56,48,22,6
47-2211,Sheet Metal Workers,41,28,56,35,40,56,62,25,2
47-2053,Terrazzo Workers and Finishers,41,25,56,25,37,69,37,22,22
51-4111,Tool and Die Makers,41,25,56,38,38,53,15,19,2
47-2071,"Paving, Surfacing, and Tamping Equipment Operators",41,28,47,22,43,50,27,25,5
51-9071,Precious Metal Workers,41,41,63,44,19,50,7,25,31
51-9195,"Glass Blowers, Molders, Benders, and Finishers",38,35,63,44,22,66,42,28,19
47-2081,Drywall and Ceiling Tile Installers,38,25,56,31,38,66,52,19,0
47-5051,"Rock Splitters, Quarry",38,25,50,25,42,56,21,22,12
51-7041,"Sawing Machine Setters, Operators, and Tenders, Wood",38,22,56,22,29,60,38,22,0
51-4121,"Welders, Cutters, and Welder Fitters",38,31,50,38,56,60,39,25,5
47-3015,"Helpers--Pipelayers, Plumbers, Pipefitters, and Steamfitters",38,25,50,28,54,69,76,25,0
53-7063,Machine Feeders and Offbearers,38,25,47,25,36,50,23,22,5
47-2171,Reinforcing Iron and Rebar Workers,38,22,56,28,36,66,56,22,1
51-4194,"Tool Grinders, Filers, and Sharpeners",38,31,72,35,35,72,30,31,6
53-7073,Wellhead Pumpers,38,25,44,28,51,53,56,25,1
53-7021,Crane and Tower Operators,38,31,50,35,31,63,46,28,3
51-4031,"Cutting, Punching, and Press Machine Setters, Operators, and Tenders, Metal and Plastic",38,25,53,31,30,60,35,22,0
37-3011,Landscaping and Groundskeeping Workers,38,25,44,25,58,60,42,22,7
47-2072,Pile-Driver Operators,38,22,50,22,38,66,55,22,1
49-9096,Riggers,38,31,50,31,24,60,62,31,2
51-6051,"Sewers, Hand",38,31,78,41,20,78,9,28,39
51-6064,"Textile Winding, Twisting, and Drawing Out Machine Setters, Operators, and Tenders",38,22,60,25,30,60,21,22,0
51-9197,Tire Builders,38,22,63,28,26,72,33,22,4
47-2051,Cement Masons and Concrete Finishers,38,28,53,28,42,72,46,25,6
45-3021,Hunters and Trappers,38,22,53,35,11,56,42,22,0
51-6062,"Textile Cutting Machine Setters, Operators, and Tenders",38,22,53,25,35,56,28,22,0
51-2023,Electromechanical Equipment Assemblers,38,22,66,25,34,63,37,22,6
47-2043,Floor Sanders and Finishers,35,25,56,25,19,63,57,22,4
53-7062,"Laborers and Freight, Stock, and Material Movers, Hand",35,25,44,22,30,53,38,25,3
53-7061,Cleaners of Vehicles and Equipment,35,22,38,13,28,53,42,22,6
47-3013,Helpers--Electricians,35,25,56,28,48,69,77,22,0
51-6031,Sewing Machine Operators,35,19,56,19,32,66,14,19,3
51-6063,"Textile Knitting and Weaving Machine Setters, Operators, and Tenders",35,22,66,22,32,60,46,19,3
51-3023,Slaughterers and Meat Packers,35,22,60,22,28,56,18,19,0
53-7064,"Packers and Packagers, Hand",35,22,44,16,59,60,18,19,6
51-4071,Foundry Mold and Coremakers,31,22,66,22,43,72,38,22,3
51-9051,"Furnace, Kiln, Oven, Drier, and Kettle Operators and Tenders",31,28,44,25,43,50,38,28,5
51-4121,Solderers and Brazers,31,22,60,19,31,53,5,22,2
51-7042,"Woodworking Machine Setters, Operators, and Tenders, Except Sawing",31,22,53,25,26,63,50,22,0
45-4021,Fallers,31,31,44,28,35,63,52,25,0
43-9081,Proofreaders and Copy Markers,31,22,25,22,12,22,3,19,4
53-7111,Mine Shuttle Car Operators,28,19,28,19,58,66,84,19,1
51-6042,Shoe Machine Operators and Tenders,28,22,53,28,34,60,7,19,17
45-2041,"Graders and Sorters, Agricultural Products",28,22,50,10,36,56,8,19,5
51-6021,"Pressers, Textile, Garment, and Related Materials",25,19,53,22,50,66,17,19,7
15-2091,Mathematical Technicians,0,17,20,30,13,10,0,17,0
