Importance,Level,Code,Occupation
85,66,27-1013.00,"Fine Artists, Including Painters, Sculptors, and Illustrators"
81,68,27-3043.05,"Poets, Lyricists and Creative Writers"
78,79,19-2012.00,Physicists
78,63,27-1011.00,Art Directors
78,59,27-1027.00,Set and Exhibit Designers
78,57,27-1025.00,Interior Designers
75,63,17-1011.00,"Architects, Except Landscape and Naval"
75,63,27-1022.00,Fashion Designers
75,61,27-2032.00,Choreographers
75,59,27-2012.02,"Directors- Stage, Motion Pictures, Television, and Radio"
75,59,15-1199.11,Video Game Designers
75,55,27-1024.00,Graphic Designers
72,68,17-2031.00,Biomedical Engineers
72,66,19-1021.00,Biochemists and Biophysicists
72,66,17-2199.08,Robotics Engineers
72,63,27-1021.00,Commercial and Industrial Designers
72,61,11-1011.00,Chief Executives
72,61,19-1029.03,Geneticists
72,57,15-1199.02,Computer Systems Engineers/Architects
72,57,11-9033.00,"Education Administrators, Postsecondary"
72,57,27-2041.04,Music Composers and Arrangers
72,57,11-3131.00,Training and Development Managers
72,55,13-1199.04,Business Continuity Planners
72,55,27-2022.00,Coaches and Scouts
72,55,27-1012.00,Craft Artists
72,55,15-1121.01,Informatics Nurse Specialists
72,55,25-9031.01,Instructional Designers and Technologists
72,55,17-1012.00,Landscape Architects
72,55,27-2012.03,Program Directors
69,66,17-2199.07,Photonics Engineers
69,61,19-1029.01,Bioinformatics Scientists
69,59,17-2041.00,Chemical Engineers
69,59,25-9021.00,Farm and Home Management Advisors
69,57,19-3091.02,Archeologists
69,57,25-1121.00,"Art, Drama, and Music Teachers, Postsecondary"
69,57,11-9032.00,"Education Administrators, Elementary and Secondary School"
69,57,15-2031.00,Operations Research Analysts
69,55,11-2011.00,Advertising and Promotions Managers
69,55,25-2021.00,"Elementary School Teachers, Except Special Education"
69,55,11-9161.00,Emergency Management Directors
69,55,51-6092.00,Fabric and Apparel Patternmakers
69,55,27-2041.01,Music Directors
69,55,29-1125.02,Music Therapists
69,55,13-1151.00,Training and Development Specialists
69,54,21-2011.00,Clergy
69,54,25-9031.00,Instructional Coordinators
69,54,11-3061.00,Purchasing Managers
69,54,27-3022.00,Reporters and Correspondents
69,54,11-9151.00,Social and Community Service Managers
69,54,19-3099.01,Transportation Planners
69,52,43-9031.00,Desktop Publishers
69,52,25-2011.00,"Preschool Teachers, Except Special Education"
69,48,27-2011.00,Actors
69,45,39-5012.00,"Hairdressers, Hairstylists, and Cosmetologists"
66,64,17-2141.02,Automotive Engineers
66,64,19-1029.02,Molecular and Cellular Biologists
66,63,15-1111.00,Computer and Information Research Scientists
66,59,11-9041.00,Architectural and Engineering Managers
66,59,17-2199.04,Manufacturing Engineers
66,57,19-2011.00,Astronomers
66,57,11-1011.03,Chief Sustainability Officers
66,57,19-3031.03,Counseling Psychologists
66,57,19-3032.00,Industrial-Organizational Psychologists
66,57,11-2021.00,Marketing Managers
66,57,29-1069.09,Preventive Medicine Physicians
66,57,11-2031.00,Public Relations and Fundraising Managers
66,55,29-1031.00,Dietitians and Nutritionists
66,55,19-1041.00,Epidemiologists
66,55,11-2022.00,Sales Managers
66,55,25-2053.00,"Special Education Teachers, Middle School"
66,54,27-3043.04,Copy Writers
66,54,23-1011.00,Lawyers
66,54,27-4021.00,Photographers
66,54,25-2031.00,"Secondary School Teachers, Except Special and Career/Technical Education"
66,52,13-1121.00,"Meeting, Convention, and Event Planners"
66,52,27-3011.00,Radio and Television Announcers
66,50,27-3021.00,Broadcast News Analysts
66,48,21-1013.00,Marriage and Family Therapists
66,46,27-2012.04,Talent Directors
66,45,27-1023.00,Floral Designers
63,61,17-2199.09,Nanosystems Engineers
63,59,11-9041.01,Biofuels/Biodiesel Technology and Product Development Managers
63,59,25-4012.00,Curators
63,59,17-2121.02,Marine Architects
63,59,19-1013.00,Soil and Plant Scientists
63,57,19-1032.00,Foresters
63,57,17-2199.06,Microsystems Engineers
63,57,27-1014.00,Multimedia Artists and Animators
63,57,29-1122.00,Occupational Therapists
63,55,27-3041.00,Editors
63,55,17-2081.00,Environmental Engineers
63,55,17-2111.01,Industrial Safety and Health Engineers
63,55,13-1081.00,Logisticians
63,55,21-1023.00,Mental Health and Substance Abuse Social Workers
63,55,17-2151.00,"Mining and Geological Engineers, Including Mining Safety Engineers"
63,55,17-2081.01,Water/Wastewater Engineers
63,54,13-1075.00,Labor Relations Specialists
63,54,27-3031.00,Public Relations Specialists
63,54,41-9031.00,Sales Engineers
63,52,19-1012.00,Food Scientists and Technologists
63,50,29-1069.01,Allergists and Immunologists
63,50,27-4032.00,Film and Video Editors
63,50,29-1069.11,Sports Medicine Physicians
63,50,13-1199.05,Sustainability Specialists
60,71,15-2021.00,Mathematicians
60,59,17-2011.00,Aerospace Engineers
60,59,11-9121.00,Natural Sciences Managers
60,57,17-2199.01,Biochemical Engineers
60,57,17-2051.00,Civil Engineers
60,57,13-1081.01,Logistics Engineers
60,57,17-3029.06,Manufacturing Engineering Technologists
60,57,17-2121.01,Marine Engineers
60,57,19-2032.00,Materials Scientists
60,57,17-2199.05,Mechatronics Engineers
60,57,21-1014.00,Mental Health Counselors
60,57,19-3051.00,Urban and Regional Planners
60,55,17-2112.01,Human Factors Engineers and Ergonomists
60,55,11-3121.00,Human Resources Managers
60,55,39-5091.00,"Makeup Artists, Theatrical and Performance"
60,55,29-1069.04,Neurologists
60,55,29-1069.08,Physical Medicine and Rehabilitation Physicians
60,55,27-2012.01,Producers
60,55,15-1199.10,Search Marketing Strategists
60,54,29-1125.01,Art Therapists
60,54,17-2199.11,Solar Energy Systems Engineers
60,54,25-2054.00,"Special Education Teachers, Secondary School"
60,54,27-2012.05,Technical Directors/Managers
60,52,11-9199.11,Brownfield Redevelopment Specialists and Site Managers
60,52,19-3011.01,Environmental Economists
60,52,19-2041.02,Environmental Restoration Planners
60,52,11-9081.00,Lodging Managers
60,52,11-9199.08,Loss Prevention Managers
60,52,27-2042.02,"Musicians, Instrumental"
60,52,19-2099.01,Remote Sensing Scientists and Technologists
60,50,17-2021.00,Agricultural Engineers
60,50,53-2021.00,Air Traffic Controllers
60,50,41-1012.00,First-Line Supervisors of Non-Retail Sales Workers
60,50,13-1131.00,Fundraisers
60,50,11-9199.03,Investment Fund Managers
60,48,25-2059.01,Adapted Physical Education Specialists
60,48,43-1011.00,First-Line Supervisors of Office and Administrative Support Workers
60,48,25-2012.00,"Kindergarten Teachers, Except Special Education"
60,48,13-1161.00,Market Research Analysts and Marketing Specialists
60,46,29-1141.02,Advanced Practice Psychiatric Nurses
60,46,15-1143.01,Telecommunications Engineering Specialists
60,45,51-9071.01,Jewelers
60,45,25-4013.00,Museum Technicians and Conservators
56,66,19-1022.00,Microbiologists
56,61,29-1067.00,Surgeons
56,59,25-1031.00,"Architecture Teachers, Postsecondary"
56,59,19-2043.00,Hydrologists
56,57,17-2141.00,Mechanical Engineers
56,57,29-1127.00,Speech-Language Pathologists
56,55,25-1061.00,"Anthropology and Archeology Teachers, Postsecondary"
56,55,19-1020.01,Biologists
56,55,17-2072.00,"Electronics Engineers, Except Computer"
56,55,25-1032.00,"Engineering Teachers, Postsecondary"
56,55,11-3051.00,Industrial Production Managers
56,55,29-1125.00,Recreational Therapists
56,55,19-3041.00,Sociologists
56,55,15-1132.00,"Software Developers, Applications"
56,54,19-3091.01,Anthropologists
56,54,21-1012.00,"Educational, Guidance, School, and Vocational Counselors"
56,54,25-1123.00,"English Language and Literature Teachers, Postsecondary"
56,54,11-9039.02,Fitness and Wellness Coordinators
56,54,17-2141.01,Fuel Cell Engineers
56,54,33-1021.01,Municipal Fire Fighting and Prevention Supervisors
56,54,29-1022.00,Oral and Maxillofacial Surgeons
56,54,19-1031.02,Range Managers
56,52,25-2032.00,"Career/Technical Education Teachers, Secondary School"
56,52,19-3031.02,Clinical Psychologists
56,52,17-2061.00,Computer Hardware Engineers
56,52,11-9039.01,Distance Learning Coordinators
56,52,17-2199.03,Energy Engineers
56,52,29-1128.00,Exercise Physiologists
56,52,19-3092.00,Geographers
56,52,17-3026.00,Industrial Engineering Technicians
56,52,17-2161.00,Nuclear Engineers
56,52,17-2171.00,Petroleum Engineers
56,52,19-3094.00,Political Scientists
56,52,29-1066.00,Psychiatrists
56,52,11-9199.07,Security Managers
56,50,11-3021.00,Computer and Information Systems Managers
56,50,11-9031.00,"Education Administrators, Preschool and Childcare Center/Program"
56,50,13-2061.00,Financial Examiners
56,50,13-1111.00,Management Analysts
56,50,29-2091.00,Orthotists and Prosthetists
56,50,51-9195.05,"Potters, Manufacturing"
56,50,11-3071.01,Transportation Managers
56,48,41-3011.00,Advertising Sales Agents
56,48,25-2023.00,"Career/Technical Education Teachers, Middle School"
56,48,29-1141.04,Clinical Nurse Specialists
56,48,17-2071.00,Electrical Engineers
56,48,21-1091.00,Health Educators
56,48,29-1122.01,"Low Vision Therapists, Orientation and Mobility Specialists, and Vision Rehabilitation Therapists"
56,48,17-3013.00,Mechanical Drafters
56,48,11-9013.01,Nursery and Greenhouse Managers
56,48,19-1031.03,Park Naturalists
56,48,19-4099.03,Remote Sensing Technicians
56,46,13-1011.00,"Agents and Business Managers of Artists, Performers, and Athletes"
56,46,29-9091.00,Athletic Trainers
56,46,15-1199.09,Information Technology Project Managers
56,46,27-1026.00,Merchandise Displayers and Window Trimmers
56,46,11-9199.04,Supply Chain Managers
56,45,25-3011.00,Adult Basic and Secondary Education and Literacy Teachers and Instructors
56,45,29-1151.00,Nurse Anesthetists
56,43,33-3021.03,Criminal Investigators and Special Agents
53,59,17-2131.00,Materials Engineers
53,57,17-2111.02,Fire-Prevention and Protection Engineers
53,57,19-2041.03,Industrial Ecologists
53,55,15-2041.01,Biostatisticians
53,55,29-1021.00,"Dentists, General"
53,55,13-1081.02,Logistics Analysts
53,55,19-1031.01,Soil and Water Conservationists
53,55,17-2051.01,Transportation Engineers
53,54,25-1041.00,"Agricultural Sciences Teachers, Postsecondary"
53,54,25-1062.00,"Area, Ethnic, and Cultural Studies Teachers, Postsecondary"
53,54,25-1042.00,"Biological Science Teachers, Postsecondary"
53,54,25-1112.00,"Law Teachers, Postsecondary"
53,54,19-3039.01,Neuropsychologists and Clinical Neuropsychologists
53,54,29-1069.06,Ophthalmologists
53,52,25-1021.00,"Computer Science Teachers, Postsecondary"
53,52,19-2041.00,"Environmental Scientists and Specialists, Including Health"
53,52,15-1142.00,Network and Computer Systems Administrators
53,52,25-2052.00,"Special Education Teachers, Kindergarten and Elementary School"
53,52,15-1134.00,Web Developers
53,52,17-2199.10,Wind Energy Engineers
53,50,15-2011.00,Actuaries
53,50,19-1011.00,Animal Scientists
53,50,11-3051.03,Biofuels Production Managers
53,50,15-1199.08,Business Intelligence Analysts
53,50,19-3011.00,Economists
53,50,25-1053.00,"Environmental Science Teachers, Postsecondary"
53,50,13-2099.01,Financial Quantitative Analysts
53,50,51-1011.00,First-Line Supervisors of Production and Operating Workers
53,50,17-2112.00,Industrial Engineers
53,50,33-3021.06,Intelligence Analysts
53,50,25-1022.00,"Mathematical Science Teachers, Postsecondary"
53,50,11-9111.00,Medical and Health Services Managers
53,50,29-1199.04,Naturopathic Physicians
53,50,29-1081.00,Podiatrists
53,50,39-9032.00,Recreation Workers
53,50,15-1133.00,"Software Developers, Systems Software"
53,48,35-1011.00,Chefs and Head Cooks
53,48,21-1021.00,"Child, Family, and School Social Workers"
53,48,19-4061.01,City and Regional Planning Aides
53,48,11-9121.01,Clinical Research Coordinators
53,48,33-1012.00,First-Line Supervisors of Police and Detectives
53,48,25-1192.00,"Home Economics Teachers, Postsecondary"
53,48,11-3071.03,Logistics Managers
53,48,25-1066.00,"Psychology Teachers, Postsecondary"
53,48,13-1199.02,Security Management Specialists
53,48,39-1021.01,Spa Managers
53,48,11-3031.01,Treasurers and Controllers
53,48,11-9121.02,Water Resource Specialists
53,46,39-2011.00,Animal Trainers
53,46,11-9013.03,Aquacultural Managers
53,46,21-2021.00,"Directors, Religious Activities and Education"
53,46,25-1081.00,"Education Teachers, Postsecondary"
53,46,19-2042.00,"Geoscientists, Except Hydrologists and Geographers"
53,46,25-1191.00,Graduate Teaching Assistants
53,46,11-3051.06,Hydroelectric Production Managers
53,46,17-3029.11,Nanotechnology Engineering Technologists
53,46,29-9011.00,Occupational Health and Safety Specialists
53,46,29-1069.10,Radiologists
53,45,27-4031.00,"Camera Operators, Television, Video, and Motion Picture"
53,45,11-3111.00,Compensation and Benefits Managers
53,45,13-2099.04,"Fraud Examiners, Investigators and Analysts"
53,45,29-9092.00,Genetic Counselors
53,45,25-2022.00,"Middle School Teachers, Except Special and Career/Technical Education"
53,45,39-9011.01,Nannies
53,45,17-2111.03,Product Safety Engineers
53,45,11-3071.02,Storage and Distribution Managers
53,45,29-1131.00,Veterinarians
53,45,19-1023.00,Zoologists and Wildlife Biologists
53,43,33-2021.02,Fire Investigators
53,43,53-5021.01,Ship and Boat Captains
53,43,41-4011.07,Solar Sales Representatives and Assessors
53,41,49-9095.00,Manufactured Building and Mobile Home Installers
50,55,25-1051.00,"Atmospheric, Earth, Marine, and Space Sciences Teachers, Postsecondary"
50,55,19-1042.00,"Medical Scientists, Except Epidemiologists"
50,55,29-1069.05,Nuclear Medicine Physicians
50,54,15-1121.00,Computer Systems Analysts
50,54,15-1141.00,Database Administrators
50,54,11-3031.02,"Financial Managers, Branch or Department"
50,54,25-1043.00,"Forestry and Conservation Science Teachers, Postsecondary"
50,54,25-1071.00,"Health Specialties Teachers, Postsecondary"
50,54,25-1113.00,"Social Work Teachers, Postsecondary"
50,54,15-2041.00,Statisticians
50,52,25-1064.00,"Geography Teachers, Postsecondary"
50,52,21-1022.00,Healthcare Social Workers
50,52,25-1072.00,"Nursing Instructors and Teachers, Postsecondary"
50,52,41-4011.00,"Sales Representatives, Wholesale and Manufacturing, Technical and Scientific Products"
50,50,23-1022.00,"Arbitrators, Mediators, and Conciliators"
50,50,25-1052.00,"Chemistry Teachers, Postsecondary"
50,50,19-2031.00,Chemists
50,50,19-2041.01,Climate Change Analysts
50,50,15-1143.00,Computer Network Architects
50,50,11-9021.00,Construction Managers
50,50,15-1199.06,Database Architects
50,50,29-1069.03,Hospitalists
50,50,29-1063.00,"Internists, General"
50,50,25-1054.00,"Physics Teachers, Postsecondary"
50,50,21-1015.00,Rehabilitation Counselors
50,50,19-3031.01,School Psychologists
50,48,17-3011.01,Architectural Drafters
50,48,13-2011.02,Auditors
50,48,25-1011.00,"Business Teachers, Postsecondary"
50,48,15-2041.02,Clinical Data Managers
50,48,35-2013.00,"Cooks, Private Household"
50,48,15-1199.12,Document Management Specialists
50,48,29-1062.00,Family and General Practitioners
50,48,19-4092.00,Forensic Science Technicians
50,48,11-1021.00,General and Operations Managers
50,48,29-1065.00,"Pediatricians, General"
50,48,29-1123.00,Physical Therapists
50,48,11-3051.01,Quality Control Systems Managers
50,48,11-9199.01,Regulatory Affairs Managers
50,48,13-2099.02,Risk Management Specialists
50,48,47-1011.03,Solar Energy Installation Managers
50,48,27-4014.00,Sound Engineering Technicians
50,48,19-3022.00,Survey Researchers
50,48,25-3099.02,Tutors
50,46,25-9011.00,Audio-Visual and Multimedia Collections Specialists
50,46,29-1181.00,Audiologists
50,46,17-3027.01,Automotive Engineering Technicians
50,46,43-9111.01,Bioinformatics Technicians
50,46,13-1141.00,"Compensation, Benefits, and Job Analysis Specialists"
50,46,15-1131.00,Computer Programmers
50,46,15-1199.07,Data Warehousing Specialists
50,46,33-1021.02,Forest Fire Fighting and Prevention Supervisors
50,46,15-1199.04,Geospatial Information Scientists and Technologists
50,46,15-1122.00,Information Security Analysts
50,46,17-3027.00,Mechanical Engineering Technicians
50,46,29-1171.00,Nurse Practitioners
50,46,29-1064.00,Obstetricians and Gynecologists
50,46,29-1023.00,Orthodontists
50,46,33-3021.01,Police Detectives
50,46,25-1065.00,"Political Science Teachers, Postsecondary"
50,46,17-3024.01,Robotics Technicians
50,46,41-3031.01,"Sales Agents, Securities and Commodities"
50,46,25-3021.00,Self-Enrichment Education Teachers
50,46,15-1199.01,Software Quality Assurance Engineers and Testers
50,46,21-1011.00,Substance Abuse and Behavioral Disorder Counselors
50,46,29-1069.12,Urologists
50,46,15-1199.03,Web Administrators
50,45,11-3011.00,Administrative Services Managers
50,45,53-2022.00,Airfield Operations Specialists
50,45,25-1122.00,"Communications Teachers, Postsecondary"
50,45,39-3092.00,Costume Attendants
50,45,13-1199.01,Energy Auditors
50,45,47-1011.00,First-Line Supervisors of Construction Trades and Extraction Workers
50,45,37-1012.00,"First-Line Supervisors of Landscaping, Lawn Service, and Groundskeeping Workers"
50,45,39-1021.00,First-Line Supervisors of Personal Service Workers
50,45,41-1011.00,First-Line Supervisors of Retail Sales Workers
50,45,53-1031.00,First-Line Supervisors of Transportation and Material-Moving Machine and Vehicle Operators
50,45,39-9031.00,Fitness Trainers and Aerobics Instructors
50,45,17-1022.01,Geodetic Surveyors
50,45,19-3093.00,Historians
50,45,25-1125.00,"History Teachers, Postsecondary"
50,45,17-3029.12,Nanotechnology Engineering Technicians
50,45,29-1071.00,Physician Assistants
50,45,19-4099.02,Precision Agriculture Technicians
50,45,33-9021.00,Private Detectives and Investigators
50,45,17-2072.01,Radio Frequency Identification Device Specialists
50,45,25-1193.00,"Recreation and Fitness Studies Teachers, Postsecondary"
50,45,53-5031.00,Ship Engineers
50,45,27-2042.01,Singers
50,45,25-1067.00,"Sociology Teachers, Postsecondary"
50,45,43-9111.00,Statistical Assistants
50,45,17-2199.02,Validation Engineers
50,45,13-1022.00,"Wholesale and Retail Buyers, Except Farm Products"
50,43,13-2011.01,Accountants
50,43,29-1141.01,Acute Care Nurses
50,43,19-4011.01,Agricultural Technicians
50,43,19-2021.00,Atmospheric and Space Scientists
50,43,27-4012.00,Broadcast Technicians
50,43,13-1021.00,"Buyers and Purchasing Agents, Farm Products"
50,43,17-1021.00,Cartographers and Photogrammetrists
50,43,19-4031.00,Chemical Technicians
50,43,17-3011.02,Civil Drafters
50,43,49-9092.00,Commercial Divers
50,43,21-1094.00,Community Health Workers
50,43,39-6012.00,Concierges
50,43,13-1041.06,Coroners
50,43,25-1111.00,"Criminal Justice and Law Enforcement Teachers, Postsecondary"
50,43,25-1063.00,"Economics Teachers, Postsecondary"
50,43,49-2094.00,"Electrical and Electronics Repairers, Commercial and Industrial Equipment"
50,43,17-3023.03,Electrical Engineering Technicians
50,43,17-3023.01,Electronics Engineering Technicians
50,43,29-2041.00,Emergency Medical Technicians and Paramedics
50,43,17-3025.00,Environmental Engineering Technicians
50,43,19-4091.00,"Environmental Science and Protection Technicians, Including Health"
50,43,43-6011.00,Executive Secretaries and Executive Administrative Assistants
50,43,45-1011.05,First-Line Supervisors of Logging Workers
50,43,33-2022.00,Forest Fire Inspectors and Prevention Specialists
50,43,19-4041.02,Geological Sample Test Technicians
50,43,25-4021.00,Librarians
50,43,29-2035.00,Magnetic Resonance Imaging Technologists
50,43,17-3031.02,Mapping Technicians
50,43,17-3029.07,Mechanical Engineering Technologists
50,43,51-9082.00,Medical Appliance Technicians
50,43,39-4031.00,"Morticians, Undertakers, and Funeral Directors"
50,43,33-2011.01,Municipal Firefighters
50,43,19-4051.02,Nuclear Monitoring Technicians
50,43,51-8011.00,Nuclear Power Reactor Operators
50,43,29-1161.00,Nurse Midwives
50,43,31-2011.00,Occupational Therapy Assistants
50,43,29-1041.00,Optometrists
50,43,29-1199.05,Orthoptists
50,43,33-3051.01,Police Patrol Officers
50,43,11-9131.00,Postmasters and Mail Superintendents
50,43,11-9141.00,"Property, Real Estate, and Community Association Managers"
50,43,29-1024.00,Prosthodontists
50,43,29-2053.00,Psychiatric Technicians
50,43,13-1023.00,"Purchasing Agents, Except Wholesale, Retail, and Farm Products"
50,43,41-4012.00,"Sales Representatives, Wholesale and Manufacturing, Except Technical and Scientific Products"
50,43,19-4061.00,Social Science Research Assistants
50,43,53-6041.00,Traffic Technicians
50,43,33-3052.00,Transit and Railroad Police
50,43,41-3041.00,Travel Agents
50,43,51-6093.00,Upholsterers
50,43,25-1194.00,"Vocational Education Teachers, Postsecondary"
50,41,17-3022.00,Civil Engineering Technicians
50,41,29-2032.00,Diagnostic Medical Sonographers
50,41,19-4093.00,Forest and Conservation Technicians
50,41,27-3091.00,Interpreters and Translators
50,41,49-3052.00,Motorcycle Mechanics
50,41,47-2152.01,Pipe Fitters and Steamfitters
50,41,39-5094.00,Skincare Specialists
50,39,43-4021.00,Correspondence Clerks
50,39,41-3099.01,Energy Brokers
50,39,51-7031.00,"Model Makers, Wood"
50,36,47-2031.02,Rough Carpenters
47,55,29-1069.07,Pathologists
47,52,17-3029.05,Industrial Engineering Technologists
47,52,25-2051.00,"Special Education Teachers, Preschool"
47,50,29-1069.02,Dermatologists
47,50,13-1041.03,Equal Opportunity Representatives and Officers
47,50,49-1011.00,"First-Line Supervisors of Mechanics, Installers, and Repairers"
47,48,27-2031.00,Dancers
47,48,39-7012.00,Travel Guides
47,48,11-9199.09,Wind Energy Operations Managers
47,46,13-2071.00,Credit Counselors
47,46,29-1141.03,Critical Care Nurses
47,46,25-1124.00,"Foreign Language and Literature Teachers, Postsecondary"
47,46,15-1199.05,Geographic Information Systems Technicians
47,46,11-3051.02,Geothermal Production Managers
47,46,29-1051.00,Pharmacists
47,46,25-1126.00,"Philosophy and Religion Teachers, Postsecondary"
47,46,13-1041.07,Regulatory Affairs Specialists
47,46,11-9199.10,Wind Energy Project Managers
47,45,53-2011.00,"Airline Pilots, Copilots, and Flight Engineers"
47,45,19-4021.00,Biological Technicians
47,45,29-1011.00,Chiropractors
47,45,17-3029.04,Electronics Engineering Technologists
47,45,13-2051.00,Financial Analysts
47,45,23-1023.00,"Judges, Magistrate Judges, and Magistrates"
47,45,29-1141.00,Registered Nurses
47,43,17-3021.00,Aerospace Engineering and Operations Technicians
47,43,53-1011.00,Aircraft Cargo Handling Supervisors
47,43,29-1061.00,Anesthesiologists
47,43,25-4011.00,Archivists
47,43,27-2021.00,Athletes and Sports Competitors
47,43,53-2012.00,Commercial Pilots
47,43,11-9199.02,Compliance Managers
47,43,51-4012.00,"Computer Numerically Controlled Machine Tool Programmers, Metal and Plastic"
47,43,15-1151.00,Computer User Support Specialists
47,43,51-4011.00,"Computer-Controlled Machine Tool Operators, Metal and Plastic"
47,43,35-2014.00,"Cooks, Restaurant"
47,43,13-1051.00,Cost Estimators
47,43,13-1199.03,Customs Brokers
47,43,41-9011.00,Demonstrators and Product Promoters
47,43,29-2051.00,Dietetic Technicians
47,43,41-9091.00,"Door-To-Door Sales Workers, News and Street Vendors, and Related Workers"
47,43,17-3012.02,Electrical Drafters
47,43,17-3012.01,Electronic Drafters
47,43,47-5031.00,"Explosives Workers, Ordnance Handling Experts, and Blasters"
47,43,45-1011.08,First-Line Supervisors of Animal Husbandry and Animal Care Workers
47,43,45-1011.06,First-Line Supervisors of Aquacultural Workers
47,43,53-1021.00,"First-Line Supervisors of Helpers, Laborers, and Material Movers, Hand"
47,43,33-3031.00,Fish and Game Wardens
47,43,39-1011.00,Gaming Supervisors
47,43,13-1041.04,Government Property Inspectors and Investigators
47,43,25-1082.00,"Library Science Teachers, Postsecondary"
47,43,13-1041.02,Licensing Examiners and Inspectors
47,43,53-5021.02,"Mates- Ship, Boat, and Barge"
47,43,49-9062.00,Medical Equipment Repairers
47,43,29-9012.00,Occupational Health and Safety Technicians
47,43,13-2052.00,Personal Financial Advisors
47,43,43-5031.00,"Police, Fire, and Ambulance Dispatchers"
47,43,39-9041.00,Residential Advisors
47,43,29-1126.00,Respiratory Therapists
47,43,21-1093.00,Social and Human Service Assistants
47,43,47-4099.02,Solar Thermal Installers and Technicians
47,43,27-3042.00,Technical Writers
47,41,49-3011.00,Aircraft Mechanics and Service Technicians
47,41,27-4011.00,Audio and Video Equipment Technicians
47,41,13-2031.00,Budget Analysts
47,41,39-9011.00,Childcare Workers
47,41,47-4011.00,Construction and Building Inspectors
47,41,43-5032.00,"Dispatchers, Except Police, Fire, and Ambulance"
47,41,49-2096.00,"Electronic Equipment Installers and Repairers, Motor Vehicles"
47,41,47-4021.00,Elevator Installers and Repairers
47,41,33-2021.01,Fire Inspectors
47,41,51-7021.00,Furniture Finishers
47,41,17-3029.09,Manufacturing Production Technicians
47,41,29-2012.00,Medical and Clinical Laboratory Technicians
47,41,49-9044.00,Millwrights
47,41,31-2021.00,Physical Therapist Assistants
47,41,53-5021.03,"Pilots, Ship"
47,41,47-2152.02,Plumbers
47,41,41-3031.02,"Sales Agents, Financial Services"
47,41,29-2099.07,Surgical Assistants
47,41,17-1022.00,Surveyors
47,39,49-2091.00,Avionics Technicians
47,39,35-3011.00,Bartenders
47,39,51-7011.00,Cabinetmakers and Bench Carpenters
47,39,13-1031.01,"Claims Examiners, Property and Casualty Insurance"
47,39,49-9012.00,"Control and Valve Installers and Repairers, Except Mechanical Door"
47,39,43-4071.00,File Clerks
47,39,43-5011.01,Freight Forwarders
47,39,13-2053.00,Insurance Underwriters
47,39,31-9011.00,Massage Therapists
47,39,43-5061.00,"Production, Planning, and Expediting Clerks"
47,39,31-1013.00,Psychiatric Aides
47,39,41-9022.00,Real Estate Sales Agents
47,37,41-2031.00,Retail Salespersons
47,34,49-3021.00,Automotive Body and Related Repairers
47,34,43-4081.00,"Hotel, Motel, and Resort Desk Clerks"
47,34,41-2022.00,Parts Salespersons
47,30,49-9031.00,Home Appliance Repairers
44,48,17-3029.03,Electromechanical Engineering Technologists
44,48,11-9013.02,Farm and Ranch Managers
44,46,33-1011.00,First-Line Supervisors of Correctional Officers
44,45,23-1021.00,"Administrative Law Judges, Adjudicators, and Hearing Officers"
44,45,13-1071.00,Human Resources Specialists
44,45,43-4051.03,Patient Representatives
44,45,21-1092.00,Probation Officers and Correctional Treatment Specialists
44,43,49-3023.01,Automotive Master Mechanics
44,43,53-6051.01,Aviation Inspectors
44,43,49-2095.00,"Electrical and Electronics Repairers, Powerhouse, Substation, and Relay"
44,43,35-1012.00,First-Line Supervisors of Food Preparation and Serving Workers
44,43,11-9051.00,Food Service Managers
44,43,33-2011.02,Forest Firefighters
44,43,11-9071.00,Gaming Managers
44,43,41-3021.00,Insurance Sales Agents
44,43,13-2071.01,Loan Counselors
44,43,19-4099.01,Quality Control Analysts
44,43,33-3051.03,Sheriffs and Deputy Sheriffs
44,43,17-3031.01,Surveying Technicians
44,41,29-1199.01,Acupuncturists
44,41,13-2021.01,Assessors
44,41,43-9011.00,Computer Operators
44,41,49-2011.00,"Computer, Automated Teller, and Office Machine Repairers"
44,41,49-2092.00,"Electric Motor, Power Tool, and Related Repairers"
44,41,47-2111.00,Electricians
44,41,49-2097.00,Electronic Home Entertainment Equipment Installers and Repairers
44,41,13-1041.01,Environmental Compliance Inspectors
44,41,31-1011.00,Home Health Aides
44,41,29-2061.00,Licensed Practical and Licensed Vocational Nurses
44,41,29-2011.00,Medical and Clinical Laboratory Technologists
44,41,49-3042.00,"Mobile Heavy Equipment Mechanics, Except Engines"
44,41,13-1199.06,Online Merchants
44,41,23-2011.00,Paralegals and Legal Assistants
44,41,33-3021.02,Police Identification and Records Officers
44,41,51-8012.00,Power Distributors and Dispatchers
44,41,29-2099.06,Radiologic Technicians
44,41,29-2054.00,Respiratory Therapy Technicians
44,41,49-2022.00,"Telecommunications Equipment Installers and Repairers, Except Line Installers"
44,41,29-2056.00,Veterinary Technologists and Technicians
44,39,47-2031.01,Construction Carpenters
44,39,43-4051.00,Customer Service Representatives
44,39,43-4061.00,"Eligibility Interviewers, Government Programs"
44,39,49-9099.01,Geothermal Technicians
44,39,51-9195.04,"Glass Blowers, Molders, Benders, and Finishers"
44,39,47-4041.00,Hazardous Materials Removal Workers
44,39,29-2092.00,Hearing Aid Specialists
44,39,49-9063.00,Musical Instrument Repairers and Tuners
44,39,29-2033.00,Nuclear Medicine Technologists
44,39,37-2021.00,Pest Control Workers
44,39,51-9151.00,Photographic Process Workers and Processing Machine Operators
44,39,51-8013.00,Power Plant Operators
44,39,51-9071.07,Precious Metal Workers
44,39,27-3012.00,Public Address System and Other Announcers
44,39,29-2034.00,Radiologic Technologists
44,39,43-4181.00,Reservation and Transportation Ticket Agents and Travel Clerks
44,39,51-9195.03,"Stone Cutters and Carvers, Manufacturing"
44,39,47-2022.00,Stonemasons
44,39,25-9041.00,Teacher Assistants
44,39,47-2044.00,Tile and Marble Setters
44,38,51-8093.00,"Petroleum Pump System Operators, Refinery Operators, and Gaugers"
44,37,13-2021.02,"Appraisers, Real Estate"
44,37,51-3011.00,Bakers
44,37,49-9061.00,Camera and Photographic Equipment Repairers
44,37,29-2011.01,Cytogenetic Technologists
44,37,11-9061.00,Funeral Service Managers
44,37,51-8099.04,Hydroelectric Plant Technicians
44,37,31-9092.00,Medical Assistants
44,37,49-9081.00,Wind Turbine Service Technicians
44,36,49-3091.00,Bicycle Repairers
44,36,47-2231.00,Solar Photovoltaic Installers
44,36,47-2221.00,Structural Iron and Steel Workers
44,32,45-4011.00,Forest and Conservation Workers
44,32,49-2021.01,Radio Mechanics
44,30,51-4081.00,"Multiple Machine Tool Setters, Operators, and Tenders, Metal and Plastic"
44,30,47-2161.00,Plasterers and Stucco Masons
44,30,49-3043.00,Rail Car Repairers
41,50,11-3051.04,Biomass Power Plant Managers
41,45,15-1152.00,Computer Network Support Specialists
41,45,29-9099.01,Midwives
41,43,17-3029.02,Electrical Engineering Technologists
41,43,49-9051.00,Electrical Power-Line Installers and Repairers
41,43,51-5111.00,Prepress Technicians and Workers
41,41,23-1012.00,Judicial Law Clerks
41,41,29-2099.01,Neurodiagnostic Technologists
41,41,17-3029.08,Photonics Technicians
41,41,41-3031.03,Securities and Commodities Traders
41,39,13-2041.00,Credit Analysts
41,39,49-9021.01,Heating and Air Conditioning Mechanics and Installers
41,39,43-4131.00,Loan Interviewers and Clerks
41,39,17-3029.01,Non-Destructive Testing Specialists
41,39,31-2012.00,Occupational Therapy Aides
41,39,29-2081.00,"Opticians, Dispensing"
41,39,53-4031.00,Railroad Conductors and Yardmasters
41,39,49-2098.00,Security and Fire Alarm Systems Installers
41,39,47-4091.00,Segmental Pavers
41,38,51-6052.00,"Tailors, Dressmakers, and Custom Sewers"
41,37,29-1071.01,Anesthesiologist Assistants
41,37,33-9011.00,Animal Control Workers
41,37,51-5112.00,Printing Press Operators
41,37,13-2082.00,Tax Preparers
41,37,49-9064.00,Watch Repairers
41,36,45-2011.00,Agricultural Inspectors
41,36,49-3031.00,Bus and Truck Mechanics and Diesel Engine Specialists
41,36,35-2012.00,"Cooks, Institution and Cafeteria"
41,36,17-3024.00,Electro-Mechanical Technicians
41,36,51-9194.00,Etchers and Engravers
41,36,49-9041.00,Industrial Machinery Mechanics
41,36,51-4062.00,"Patternmakers, Metal and Plastic"
41,36,27-4013.00,Radio Operators
41,36,53-1021.01,Recycling Coordinators
41,36,31-9099.01,Speech-Language Pathology Assistants
41,34,43-4011.00,Brokerage Clerks
41,34,31-9091.00,Dental Assistants
41,34,51-2091.00,Fiberglass Laminators and Fabricators
41,34,37-1011.00,First-Line Supervisors of Housekeeping and Janitorial Workers
41,34,33-3021.05,Immigration and Customs Inspectors
41,34,47-5013.00,"Service Unit Operators, Oil, Gas, and Mining"
41,34,51-6051.00,"Sewers, Hand"
41,32,45-2093.00,"Farmworkers, Farm, Ranch, and Aquacultural Animals"
41,32,47-2132.00,"Insulation Workers, Mechanical"
41,32,13-1031.02,"Insurance Adjusters, Examiners, and Investigators"
41,32,43-6012.00,Legal Secretaries
41,32,41-9012.00,Models
41,30,47-2021.00,Brickmasons and Blockmasons
41,30,47-2042.00,"Floor Layers, Except Carpet, Wood, and Hard Tiles"
41,30,39-5092.00,Manicurists and Pedicurists
41,30,49-9011.00,Mechanical Door Repairers
41,30,49-3053.00,Outdoor Power Equipment and Other Small Engine Mechanics
41,29,53-2031.00,Flight Attendants
41,29,51-9022.00,"Grinding and Polishing Workers, Hand"
38,45,51-4041.00,Machinists
38,41,51-4111.00,Tool and Die Makers
38,39,51-8099.01,Biofuels Processing Technicians
38,39,51-9071.06,Gem and Diamond Workers
38,39,51-4061.00,"Model Makers, Metal and Plastic"
38,39,33-9099.02,Retail Loss Prevention Specialists
38,39,13-2081.00,"Tax Examiners and Collectors, and Revenue Agents"
38,38,47-5012.00,"Rotary Drill Operators, Oil and Gas"
38,37,39-5011.00,Barbers
38,37,43-3011.00,Bill and Account Collectors
38,37,29-2031.00,Cardiovascular Technologists and Technicians
38,37,41-9021.00,Real Estate Brokers
38,37,49-3092.00,Recreational Vehicle Service Technicians
38,36,51-9081.00,Dental Laboratory Technicians
38,36,53-5022.00,Motorboat Operators
38,36,29-2055.00,Surgical Technologists
38,34,51-8099.03,Biomass Plant Technicians
38,34,29-2021.00,Dental Hygienists
38,34,47-3012.00,Helpers--Carpenters
38,34,49-9094.00,Locksmiths and Safe Repairers
38,34,51-7032.00,"Patternmakers, Wood"
38,34,43-4171.00,Receptionists and Information Clerks
38,34,49-9052.00,Telecommunications Line Installers and Repairers
38,34,33-9093.00,Transportation Security Screeners
38,34,51-4121.06,"Welders, Cutters, and Welder Fitters"
38,32,53-3031.00,Driver/Sales Workers
38,32,43-4161.00,"Human Resources Assistants, Except Payroll and Timekeeping"
38,32,51-4192.00,"Layout Workers, Metal and Plastic"
38,32,51-4035.00,"Milling and Planing Machine Setters, Operators, and Tenders, Metal and Plastic"
38,30,35-3022.01,Baristas
38,30,53-7071.00,Gas Compressor and Gas Pumping Station Operators
38,30,29-2011.03,Histotechnologists and Histologic Technicians
38,30,53-7041.00,Hoist and Winch Operators
38,30,45-4023.00,Log Graders and Scalers
38,30,49-9043.00,"Maintenance Workers, Machinery"
38,30,43-4141.00,New Accounts Clerks
38,30,53-3041.00,Taxi Drivers and Chauffeurs
38,30,51-6061.00,Textile Bleaching and Dyeing Machine Operators and Tenders
38,29,53-6011.00,Bridge and Lock Tenders
38,29,43-4151.00,Order Clerks
35,38,19-4041.01,Geophysical Data Technicians
35,37,13-1032.00,"Insurance Appraisers, Auto Damage"
35,36,51-2011.00,"Aircraft Structure, Surfaces, Rigging, and Systems Assemblers"
35,36,45-1011.07,First-Line Supervisors of Agricultural Crop and Horticultural Workers
35,36,51-8092.00,Gas Plant Operators
35,36,29-2071.00,Medical Records and Health Information Technicians
35,36,29-2099.05,Ophthalmic Medical Technologists
35,36,39-7011.00,Tour Guides and Escorts
35,36,47-4099.03,Weatherization Installers and Technicians
35,34,47-2011.00,Boilermakers
35,34,35-2015.00,"Cooks, Short Order"
35,34,51-9193.00,Cooling and Freezing Equipment Operators and Tenders
35,34,33-3012.00,Correctional Officers and Jailers
35,34,35-3022.00,"Counter Attendants, Cafeteria, Food Concession, and Coffee Shop"
35,34,19-4011.02,Food Science Technicians
35,34,53-6051.08,Freight and Cargo Inspectors
35,34,51-5113.00,Print Binding and Finishing Workers
35,34,43-3061.00,Procurement Clerks
35,32,29-2011.02,Cytotechnologists
35,32,49-2093.00,"Electrical and Electronics Installers and Repairers, Transportation Equipment"
35,32,47-5081.00,Helpers--Extraction Workers
35,32,45-3021.00,Hunters and Trappers
35,32,53-5011.00,Sailors and Marine Oilers
35,32,47-2211.00,Sheet Metal Workers
35,30,53-7021.00,Crane and Tower Operators
35,30,51-4032.00,"Drilling and Boring Machine Tool Setters, Operators, and Tenders, Metal and Plastic"
35,30,47-5021.00,"Earth Drillers, Except Oil and Gas"
35,30,47-2131.00,"Insulation Workers, Floor, Ceiling, and Wall"
35,30,47-5042.00,Mine Cutting and Channeling Machine Operators
35,30,37-3012.00,"Pesticide Handlers, Sprayers, and Applicators, Vegetation"
35,30,31-9097.00,Phlebotomists
35,30,53-4013.00,"Rail Yard Engineers, Dinkey Operators, and Hostlers"
35,30,51-9141.00,Semiconductor Processors
35,30,51-8021.00,Stationary Engineers and Boiler Operators
35,30,53-7121.00,"Tank Car, Truck, and Ship Loaders"
35,30,51-4194.00,"Tool Grinders, Filers, and Sharpeners"
35,30,27-2023.00,"Umpires, Referees, and Other Sports Officials"
35,29,39-6011.00,Baggage Porters and Bellhops
35,29,49-3051.00,Motorboat Mechanics and Service Technicians
31,39,49-9021.02,Refrigeration Mechanics and Installers
31,37,29-1124.00,Radiation Therapists
31,36,39-4011.00,Embalmers
31,36,49-2021.00,"Radio, Cellular, and Tower Equipment Installers and Repairers"
31,34,43-5011.00,Cargo and Freight Agents
31,34,43-4111.00,"Interviewers, Except Eligibility and Loan"
31,32,51-9011.00,Chemical Equipment Operators and Tenders
31,32,45-3011.00,Fishers and Related Fishing Workers
31,32,53-3032.00,Heavy and Tractor-Trailer Truck Drivers
31,32,31-1014.00,Nursing Assistants
31,32,51-4193.00,"Plating and Coating Machine Setters, Operators, and Tenders, Metal and Plastic"
31,32,49-9096.00,Riggers
31,32,47-2181.00,Roofers
31,32,43-3071.00,Tellers
31,32,51-2093.00,Timing Device Assemblers and Adjusters
31,32,37-3013.00,Tree Trimmers and Pruners
31,30,47-2041.00,Carpet Installers
31,30,41-2021.00,Counter and Rental Clerks
31,30,47-2081.00,Drywall and Ceiling Tile Installers
31,30,51-6091.00,"Extruding and Forming Machine Setters, Operators, and Tenders, Synthetic and Glass Fibers"
31,30,51-4022.00,"Forging Machine Setters, Operators, and Tenders, Metal and Plastic"
31,30,39-3021.00,Motion Picture Projectionists
31,30,19-4051.01,Nuclear Equipment Operation Technicians
31,30,51-9196.00,"Paper Goods Machine Setters, Operators, and Tenders"
31,30,29-2052.00,Pharmacy Technicians
31,30,51-4052.00,"Pourers and Casters, Metal"
31,30,47-4061.00,Rail-Track Laying and Maintenance Equipment Operators
31,30,51-4023.00,"Rolling Machine Setters, Operators, and Tenders, Metal and Plastic"
31,30,49-9097.00,Signal and Track Switch Repairers
31,30,39-1012.00,Slot Supervisors
31,30,53-6061.00,"Transportation Attendants, Except Flight Attendants"
31,30,43-5111.00,"Weighers, Measurers, Checkers, and Samplers, Recordkeeping"
31,29,47-5011.00,"Derrick Operators, Oil and Gas"
31,29,51-2031.00,Engine and Other Machine Assemblers
31,29,51-4021.00,"Extruding and Drawing Machine Setters, Operators, and Tenders, Metal and Plastic"
31,29,49-9098.00,"Helpers--Installation, Maintenance, and Repair Workers"
31,29,43-5041.00,"Meter Readers, Utilities"
31,29,47-2141.00,"Painters, Construction and Maintenance"
31,29,51-9123.00,"Painting, Coating, and Decorating Workers"
31,29,31-2022.00,Physical Therapist Aides
31,29,47-2151.00,Pipelayers
31,29,47-4071.00,Septic Tank Servicers and Sewer Pipe Cleaners
31,29,43-2021.00,Telephone Operators
31,29,39-3031.00,"Ushers, Lobby Attendants, and Ticket Takers"
31,27,43-5021.00,Couriers and Messengers
31,27,51-4031.00,"Cutting, Punching, and Press Machine Setters, Operators, and Tenders, Metal and Plastic"
31,27,43-4031.02,Municipal Clerks
31,27,51-9122.00,"Painters, Transportation Equipment"
31,27,49-9045.00,"Refractory Materials Repairers, Except Brickmasons"
31,25,47-2121.00,Glaziers
31,25,47-3016.00,Helpers--Roofers
30,37,15-2091.00,Mathematical Technicians
28,36,51-8031.00,Water and Wastewater Treatment Plant and System Operators
28,34,53-3011.00,"Ambulance Drivers and Attendants, Except Emergency Medical Technicians"
28,34,41-9041.00,Telemarketers
28,32,47-5041.00,Continuous Mining Machine Operators
28,32,51-4072.00,"Molding, Coremaking, and Casting Machine Setters, Operators, and Tenders, Metal and Plastic"
28,32,51-9111.00,Packaging and Filling Machine Operators and Tenders
28,32,43-5081.01,"Stock Clerks, Sales Floor"
28,30,49-3023.02,Automotive Specialty Technicians
28,30,41-2011.00,Cashiers
28,30,51-8091.00,Chemical Plant and System Operators
28,30,53-7011.00,Conveyor Operators and Tenders
28,30,51-9021.00,"Crushing, Grinding, and Polishing Machine Setters, Operators, and Tenders"
28,30,51-2022.00,Electrical and Electronic Equipment Assemblers
28,30,49-3041.00,Farm Equipment Mechanics and Service Technicians
28,30,51-3091.00,"Food and Tobacco Roasting, Baking, and Drying Machine Operators and Tenders"
28,30,33-9031.00,Gaming Surveillance Officers and Gaming Investigators
28,30,43-4031.03,License Clerks
28,30,13-2072.00,Loan Officers
28,30,45-4022.00,Logging Equipment Operators
28,30,49-9071.00,"Maintenance and Repair Workers, General"
28,30,43-9071.00,"Office Machine Operators, Except Computer"
28,30,29-2057.00,Ophthalmic Medical Technicians
28,30,53-7072.00,"Pump Operators, Except Wellhead Pumpers"
28,30,53-4021.00,"Railroad Brake, Signal, and Switch Operators"
28,30,47-5061.00,"Roof Bolters, Mining"
28,30,51-9012.00,"Separating, Filtering, Clarifying, Precipitating, and Still Machine Setters, Operators, and Tenders"
28,30,43-5071.00,"Shipping, Receiving, and Traffic Clerks"
28,30,43-3021.01,Statement Clerks
28,30,35-3031.00,Waiters and Waitresses
28,29,53-3022.00,"Bus Drivers, School or Special Client"
28,29,51-3021.00,Butchers and Meat Cutters
28,29,47-2051.00,Cement Masons and Concrete Finishers
28,29,47-2061.00,Construction Laborers
28,29,43-4041.01,Credit Authorizers
28,29,31-9099.02,Endoscopy Technicians
28,29,51-9041.00,"Extruding, Forming, Pressing, and Compacting Machine Setters, Operators, and Tenders"
28,29,47-3013.00,Helpers--Electricians
28,29,47-3015.00,"Helpers--Pipelayers, Plumbers, Pipefitters, and Steamfitters"
28,29,47-4051.00,Highway Maintenance Workers
28,29,51-9061.00,"Inspectors, Testers, Sorters, Samplers, and Weighers"
28,29,51-4034.00,"Lathe and Turning Machine Tool Setters, Operators, and Tenders, Metal and Plastic"
28,29,43-4121.00,"Library Assistants, Clerical"
28,29,51-4051.00,Metal-Refining Furnace Operators and Tenders
28,29,51-9023.00,"Mixing and Blending Machine Setters, Operators, and Tenders"
28,29,51-9195.07,Molding and Casting Workers
28,29,43-9061.00,"Office Clerks, General"
28,29,47-2073.00,Operating Engineers and Other Construction Equipment Operators
28,29,53-7081.00,Refuse and Recyclable Material Collectors
28,29,47-2171.00,Reinforcing Iron and Rebar Workers
28,29,47-5071.00,"Roustabouts, Oil and Gas"
28,29,49-3093.00,Tire Repairers and Changers
28,29,31-9096.00,Veterinary Assistants and Laboratory Animal Caretakers
28,27,53-6031.00,Automotive and Watercraft Service Attendants
28,27,49-9093.00,"Fabric Menders, Except Garment"
28,27,47-3014.00,"Helpers--Painters, Paperhangers, Plasterers, and Stucco Masons"
28,27,51-9083.00,Ophthalmic Laboratory Technicians
28,27,39-9021.00,Personal Care Aides
28,27,51-6042.00,Shoe Machine Operators and Tenders
28,27,51-9197.00,Tire Builders
28,27,23-2093.00,"Title Examiners, Abstractors, and Searchers"
28,25,45-4021.00,Fallers
28,25,45-2092.02,"Farmworkers and Laborers, Crop"
28,25,39-3011.00,Gaming Dealers
28,25,43-9041.01,Insurance Claims Clerks
28,25,53-7073.00,Wellhead Pumpers
28,21,39-4021.00,Funeral Attendants
28,20,45-2091.00,Agricultural Equipment Operators
28,20,51-3093.00,Food Cooking Machine Operators and Tenders
25,32,33-3041.00,Parking Enforcement Workers
25,32,43-3051.00,Payroll and Timekeeping Clerks
25,30,43-3021.02,"Billing, Cost, and Rate Clerks"
25,30,51-9121.00,"Coating, Painting, and Spraying Machine Setters, Operators, and Tenders"
25,30,53-7032.00,Excavating and Loading Machine and Dragline Operators
25,30,35-2021.00,Food Preparation Workers
25,30,41-2012.00,Gaming Change Persons and Booth Cashiers
25,30,25-4031.00,Library Technicians
25,30,53-4012.00,Locomotive Firers
25,30,51-3022.00,"Meat, Poultry, and Fish Cutters and Trimmers"
25,29,49-3022.00,Automotive Glass Installers and Repairers
25,29,49-9091.00,"Coin, Vending, and Amusement Machine Servicers and Repairers"
25,29,35-2011.00,"Cooks, Fast Food"
25,29,51-9032.00,"Cutting and Slicing Machine Setters, Operators, and Tenders"
25,29,43-9021.00,Data Entry Keyers
25,29,51-2023.00,Electromechanical Equipment Assemblers
25,29,13-1074.00,Farm Labor Contractors
25,29,51-6011.00,Laundry and Dry-Cleaning Workers
25,29,53-4011.00,Locomotive Engineers
25,29,43-9051.00,"Mail Clerks and Mail Machine Operators, Except Postal Service"
25,29,31-9093.00,Medical Equipment Preparers
25,29,43-6013.00,Medical Secretaries
25,29,31-1015.00,Orderlies
25,29,43-6014.00,"Secretaries and Administrative Assistants, Except Legal, Medical, and Executive"
25,29,33-9032.00,Security Guards
25,29,47-2053.00,Terrazzo Workers and Finishers
25,29,51-6062.00,"Textile Cutting Machine Setters, Operators, and Tenders"
25,29,51-6064.00,"Textile Winding, Twisting, and Drawing Out Machine Setters, Operators, and Tenders"
25,29,53-6051.07,"Transportation Vehicle, Equipment and Systems Inspectors, Except Aviation"
25,29,51-7042.00,"Woodworking Machine Setters, Operators, and Tenders, Except Sawing"
25,27,43-4041.02,Credit Checkers
25,27,35-9021.00,Dishwashers
25,27,47-2043.00,Floor Sanders and Finishers
25,27,51-4191.00,"Heat Treating Equipment Setters, Operators, and Tenders, Metal and Plastic"
25,27,43-9041.02,Insurance Policy Processing Clerks
25,27,37-3011.00,Landscaping and Groundskeeping Workers
25,27,39-2021.00,Nonfarm Animal Caretakers
25,27,43-5051.00,Postal Service Clerks
25,27,51-9199.01,Recycling and Reclamation Workers
25,27,47-5051.00,"Rock Splitters, Quarry"
25,27,53-4041.00,Subway and Streetcar Operators
25,27,51-2092.00,Team Assemblers
25,25,51-9191.00,Adhesive Bonding Machine Operators and Tenders
25,25,53-3021.00,"Bus Drivers, Transit and Intercity"
25,25,51-9031.00,"Cutters and Trimmers, Hand"
25,25,35-9011.00,Dining Room and Cafeteria Attendants and Bartender Helpers
25,25,53-7031.00,Dredge Operators
25,25,39-3012.00,Gaming and Sports Book Writers and Runners
25,25,51-4033.00,"Grinding, Lapping, Polishing, and Buffing Machine Tool Setters, Operators, and Tenders, Metal and Plastic"
25,25,47-3011.00,"Helpers--Brickmasons, Blockmasons, Stonemasons, and Tile and Marble Setters"
25,25,53-7063.00,Machine Feeders and Offbearers
25,25,43-5081.02,Marking Clerks
25,25,47-2142.00,Paperhangers
25,25,53-6021.00,Parking Lot Attendants
25,23,37-2011.00,"Janitors and Cleaners, Except Maids and Housekeeping Cleaners"
25,23,39-5093.00,Shampooers
25,23,51-4122.00,"Welding, Soldering, and Brazing Machine Setters, Operators, and Tenders"
25,21,51-3092.00,Food Batchmakers
25,21,43-3041.00,Gaming Cage Workers
25,21,37-2012.00,Maids and Housekeeping Cleaners
25,21,47-2082.00,Tapers
25,20,43-5052.00,Postal Service Mail Carriers
25,16,51-9051.00,"Furnace, Kiln, Oven, Drier, and Kettle Operators and Tenders"
25,14,43-4031.01,Court Clerks
22,29,33-9092.00,"Lifeguards, Ski Patrol, and Other Recreational Protective Service Workers"
22,27,45-2021.00,Animal Breeders
22,27,47-2072.00,Pile-Driver Operators
22,25,39-3091.00,Amusement and Recreation Attendants
22,25,43-3031.00,"Bookkeeping, Accounting, and Auditing Clerks"
22,25,47-4031.00,Fence Erectors
22,25,35-3041.00,"Food Servers, Nonrestaurant"
22,25,35-9031.00,"Hosts and Hostesses, Restaurant, Lounge, and Coffee Shop"
22,25,53-7051.00,Industrial Truck and Tractor Operators
22,25,53-7062.00,"Laborers and Freight, Stock, and Material Movers, Hand"
22,25,53-3033.00,Light Truck or Delivery Services Drivers
22,25,51-7041.00,"Sawing Machine Setters, Operators, and Tenders, Wood"
22,25,43-2011.00,"Switchboard Operators, Including Answering Service"
22,25,43-9022.00,Word Processors and Typists
22,23,35-3021.00,"Combined Food Preparation and Serving Workers, Including Fast Food"
22,23,51-9198.00,Helpers--Production Workers
22,23,31-9094.00,Medical Transcriptionists
22,23,45-2092.01,Nursery Workers
22,23,47-2071.00,"Paving, Surfacing, and Tamping Equipment Operators"
22,23,43-5053.00,"Postal Service Mail Sorters, Processors, and Processing Machine Operators"
22,23,43-9081.00,Proofreaders and Copy Markers
22,21,51-9192.00,"Cleaning, Washing, and Metal Pickling Equipment Operators and Tenders"
22,21,31-9095.00,Pharmacy Aides
22,21,51-6063.00,"Textile Knitting and Weaving Machine Setters, Operators, and Tenders"
22,18,51-4071.00,Foundry Mold and Coremakers
22,18,51-6021.00,"Pressers, Textile, Garment, and Related Materials"
22,14,51-2041.00,Structural Metal Fabricators and Fitters
22,13,23-2091.00,Court Reporters
22,13,33-9091.00,Crossing Guards
22,13,51-3023.00,Slaughterers and Meat Packers
19,20,53-7111.00,Mine Shuttle Car Operators
19,18,51-6031.00,Sewing Machine Operators
19,16,43-5081.03,"Stock Clerks- Stockroom, Warehouse, or Storage Yard"
19,14,43-5081.04,"Order Fillers, Wholesale and Retail Sales"
19,13,51-2021.00,"Coil Winders, Tapers, and Finishers"
19,13,39-3093.00,"Locker Room, Coatroom, and Dressing Room Attendants"
19,13,51-4121.07,Solderers and Brazers
16,18,53-7033.00,"Loading Machine Operators, Underground Mining"
16,14,53-7064.00,"Packers and Packagers, Hand"
16,13,33-3011.00,Bailiffs
16,13,51-6041.00,Shoe and Leather Workers and Repairers
13,9,53-7061.00,Cleaners of Vehicles and Equipment
10,9,45-2041.00,"Graders and Sorters, Agricultural Products"
